ID	parentID	status	scientificName	rank
SYN1273	1273	synonym	Aster tradescantii	species
SYN1716	1715	synonym	Cornus alba	species
SYN1323	1323	synonym	Kochia	unranked
SYN3610	3610	synonym	Oxycoccus	genus
SYN3331	3331	synonym	Cucubalus	genus
1174	4213	accepted	× Anthemicaria hampeana	species
1401	4223	accepted	× Calammophila baltica	species
2019	4243	accepted	× Festulolium braunii	species
3892	4243	accepted	× Festulolium loliaceum	species
3567	4296	accepted	× Triticosecale rimpaui	species
1000	2856	accepted	Abies	genus
1001	1000	accepted	Abies alba	species
1002	1000	accepted	Abies grandis	species
1003	1000	accepted	Abies nordmanniana	species
1004	1000	accepted	Abies veitchii	species
1005	2534	accepted	Abutilon	genus
1006	1005	accepted	Abutilon theophrasti	species
1007	3736	accepted	Acer	genus
SYN3736	3736	synonym	Aceraceae	unranked
1013	2706	accepted	Aceras	genus
1014	1013	accepted	Aceras anthropophorum	species
1008	1007	accepted	Acer campestre	species
1009	1007	accepted	Acer negundo	species
1010	1007	accepted	Acer platanoides	species
1011	1007	accepted	Acer pseudoplatanus	species
1012	1007	accepted	Acer saccharinum	species
1015	1280	accepted	Achillea	genus
1016	1015	accepted	Achillea millefolium	species
1017	1015	accepted	Achillea ptarmica	species
1018	3056	accepted	Aconitum	genus
1019	1018	accepted	Aconitum napellus	species
1020	1018	accepted	Aconitum vulparia	species
1021	1211	accepted	Acorus	genus
1022	1021	accepted	Acorus calamus	species
1023	3056	accepted	Actaea	genus
1024	1023	accepted	Actaea spicata	species
1025	1028	accepted	Actinidia	genus
1028	x6	accepted	Actinidiaceae	family
1026	1025	accepted	Actinidia chinensis	species
1027	1025	accepted	Actinidia deliciosa	species
1030	4209	accepted	Adiantum capillus-veneris	species
1031	4209	accepted	Adiantum diaphanum	species
1032	4209	accepted	Adiantum raddianum	species
1033	3056	accepted	Adonis	genus
1034	1033	accepted	Adonis aestivalis	species
1035	1033	accepted	Adonis annua	species
1036	1033	accepted	Adonis flammea	species
1037	1033	accepted	Adonis vernalis	species
1038	1040	accepted	Adoxa	genus
1040	x6	accepted	Adoxaceae	family
1039	1038	accepted	Adoxa moschatellina	species
1041	1198	accepted	Aegopodium	genus
1042	1041	accepted	Aegopodium podagraria	species
1043	3736	accepted	Aesculus	genus
SYN3738	3738	synonym	Aesculus × carnea	species
3738	1043	accepted	Aesculus carnea	species
1044	1043	accepted	Aesculus hippocastanum	species
1045	1198	accepted	Aethusa	genus
1046	1045	accepted	Aethusa cynapium	species
1047	3732	accepted	Aframomum	genus
1048	1047	accepted	Aframomum melegueta	species
1049	3139	accepted	Agrimonia	genus
1050	1049	accepted	Agrimonia eupatoria	species
1051	1049	accepted	Agrimonia procera	species
SYN3739	3739	synonym	Agropyron caninum	species
SYN3740	3740	synonym	Agropyron junceum	species
SYN3741	3741	synonym	Agropyron pungens	species
SYN3742	3742	synonym	Agropyron repens	species
1052	1538	accepted	Agrostemma	genus
1053	1052	accepted	Agrostemma githago	species
1054	1052	accepted	Agrostemma gracilis	species
1055	2901	accepted	Agrostis	genus
1056	1055	accepted	Agrostis canina	species
3744	1055	accepted	Agrostis capillaris	species
1057	1055	accepted	Agrostis castellana	species
1058	1055	accepted	Agrostis gigantea	species
1059	1055	accepted	Agrostis stolonifera	species
SYN3743	3743	synonym	Agrostis stolonifera marina	subspecies
3743	2901	accepted	Agrostis stolonifera subsp. marina	subspecies
SYN3744	3744	synonym	Agrostis tenuis	species
1060	1055	accepted	Agrostis vinealis	species
1061	3346	accepted	Ailanthus	genus
1062	1061	accepted	Ailanthus altissima	species
1063	2901	accepted	Aira	genus
1064	1063	accepted	Aira caryophyllea	species
1065	1063	accepted	Aira praecox	species
1066	2347	accepted	Ajuga	genus
1067	1066	accepted	Ajuga chamaepitys	species
1068	1066	accepted	Ajuga genevensis	species
1069	1066	accepted	Ajuga pyramidalis	species
1070	1066	accepted	Ajuga reptans	species
1071	4210	accepted	Alcea rosea	species
1072	3139	accepted	Alchemilla	genus
1073	1072	accepted	Alchemilla acutiloba	species
1074	1072	accepted	Alchemilla filicaulis	species
1075	1072	accepted	Alchemilla glabra	species
SYN3745	3745	synonym	Alchemilla gracilis	species
3745	1072	accepted	Alchemilla micans	species
1076	1072	accepted	Alchemilla mollis	species
1077	1072	accepted	Alchemilla monticola	species
1078	1072	accepted	Alchemilla subcrenata	species
3746	1072	accepted	Alchemilla vulgaris	species
1079	1072	accepted	Alchemilla xanthochlora	species
1080	1944	accepted	Aldrovanda	genus
1081	1085	accepted	Alisma	genus
1082	1081	accepted	Alisma gramineum	species
1083	1081	accepted	Alisma lanceolatum	species
1084	1081	accepted	Alisma plantago-aquatica	species
1085	x6	accepted	Alismataceae	family
1086	3848	accepted	Alliaria	genus
1087	1086	accepted	Alliaria petiolata	species
1088	2423	accepted	Allium	genus
1089	1088	accepted	Allium carinatum	species
1090	1088	accepted	Allium cepa	species
1091	1088	accepted	Allium oleraceum	species
1092	1088	accepted	Allium paradoxum	species
1093	1088	accepted	Allium porrum	species
1094	1088	accepted	Allium sativum	species
1095	1088	accepted	Allium schoenoprasum	species
1096	1088	accepted	Allium scorodoprasum	species
1097	1088	accepted	Allium triquetrum	species
1098	1088	accepted	Allium ursinum	species
1099	1088	accepted	Allium vineale	species
1100	1088	accepted	Allium zebdanense	species
1101	1343	accepted	Alnus	genus
1102	1101	accepted	Alnus cordata	species
1103	1101	accepted	Alnus glutinosa	species
1104	1101	accepted	Alnus incana	species
1105	1101	accepted	Alnus viridis	species
1106	2901	accepted	Alopecurus	genus
1112	1106	accepted	Alopecurus × hybridus	species
1107	1106	accepted	Alopecurus aequalis	species
1108	1106	accepted	Alopecurus bulbosus	species
1109	1106	accepted	Alopecurus geniculatus	species
1110	1106	accepted	Alopecurus myosuroides	species
1111	1106	accepted	Alopecurus pratensis	species
1113	2534	accepted	Althaea	genus
1114	1113	accepted	Althaea hirsuta	species
1115	1113	accepted	Althaea officinalis	species
1116	1113	accepted	Althaea rosea	species
1117	3848	accepted	Alyssum	genus
1118	1117	accepted	Alyssum alyssoides	species
1119	1117	accepted	Alyssum saxatile	species
1120	x6	accepted	Amaranthaceae	family
1121	1120	accepted	Amaranthus	genus
1122	1121	accepted	Amaranthus albus	species
1123	1121	accepted	Amaranthus blitoides	species
3749	1121	accepted	Amaranthus blitum	species
1124	1121	accepted	Amaranthus caudatus	species
1125	1121	accepted	Amaranthus deflexus	species
1126	1121	accepted	Amaranthus graecizans	species
1127	1121	accepted	Amaranthus hybridus	species
SYN3747	3747	synonym	Amaranthus hybridus bouchonii	subspecies
SYN3748	3748	synonym	Amaranthus hybridus hybridus	subspecies
3747	1120	accepted	Amaranthus hybridus subsp. bouchonii	subspecies
3748	1120	accepted	Amaranthus hybridus subsp. hybridus	subspecies
SYN3749	3749	synonym	Amaranthus lividus	species
1128	1121	accepted	Amaranthus palmeri	species
1129	1121	accepted	Amaranthus retroflexus	species
1130	1121	accepted	Amaranthus rudis	species
1131	1121	accepted	Amaranthus standleyanus	species
1132	x6	accepted	Amaryllidaceae	family
1133	1280	accepted	Ambrosia	genus
1134	1133	accepted	Ambrosia artemisiifolia	species
SYN3750	3750	synonym	Ambrosia coronopifolia	species
3750	1133	accepted	Ambrosia psilostachya	species
1135	1133	accepted	Ambrosia trifida	species
1136	3139	accepted	Amelanchier	genus
1137	1136	accepted	Amelanchier lamarckii	species
1138	1198	accepted	Ammi	genus
1139	1138	accepted	Ammi majus	species
1140	1138	accepted	Ammi visnaga	species
1141	2901	accepted	Ammophila	genus
1142	1141	accepted	Ammophila arenaria	species
1143	1352	accepted	Amsinckia	genus
1144	1143	accepted	Amsinckia menziesii	species
1145	2706	accepted	Anacamptis	genus
1146	1145	accepted	Anacamptis pyramidalis	species
1147	x6	accepted	Anacardiaceae	family
1148	2988	accepted	Anagallis	genus
1149	1148	accepted	Anagallis arvensis	species
SYN3751	3751	synonym	Anagallis arvensis arvensis	subspecies
SYN3752	3752	synonym	Anagallis arvensis foemina	subspecies
3751	2988	accepted	Anagallis arvensis subsp. arvensis	subspecies
3752	2988	accepted	Anagallis arvensis subsp. foemina	subspecies
SYN3753	3753	synonym	Anagallis minima	species
1150	1148	accepted	Anagallis tenella	species
1151	4211	accepted	Anaphalis margaritacea	species
1152	1352	accepted	Anchusa	genus
1155	1152	accepted	Anchusa × baumgartenii	species
3965	1152	accepted	Anchusa arvensis	species
1153	1152	accepted	Anchusa ochroleuca	species
1154	1152	accepted	Anchusa officinalis	species
1156	1944	accepted	Andromeda	genus
1157	1156	accepted	Andromeda polifolia	species
1158	3056	accepted	Anemone	genus
1159	1158	accepted	Anemone apennina	species
1160	1158	accepted	Anemone blanda	species
1161	1158	accepted	Anemone nemorosa	species
1162	1158	accepted	Anemone ranunculoides	species
1163	1198	accepted	Anethum	genus
1164	1163	accepted	Anethum graveolens	species
1165	1198	accepted	Angelica	genus
1166	1165	accepted	Angelica archangelica	species
1167	1165	accepted	Angelica sylvestris	species
1168	4212	accepted	Anisantha diandra	species
1169	4212	accepted	Anisantha madritensis	species
3805	4212	accepted	Anisantha sterilis	species
3806	4212	accepted	Anisantha tectorum	species
1170	2534	accepted	Anoda	genus
1171	1170	accepted	Anoda cristata	species
1172	1280	accepted	Antennaria	genus
1173	1172	accepted	Antennaria dioica	species
1175	1280	accepted	Anthemis	genus
1176	1175	accepted	Anthemis arvensis	species
1177	1175	accepted	Anthemis cotula	species
1178	1175	accepted	Anthemis tinctoria	species
1179	2423	accepted	Anthericum	genus
1180	1179	accepted	Anthericum liliago	species
1181	2901	accepted	Anthoxanthum	genus
1182	1181	accepted	Anthoxanthum aristatum	species
1183	1181	accepted	Anthoxanthum odoratum	species
1184	1198	accepted	Anthriscus	genus
1185	1184	accepted	Anthriscus caucalis	species
1186	1184	accepted	Anthriscus cerefolium	species
1187	1184	accepted	Anthriscus sylvestris	species
1188	1999	accepted	Anthyllis	genus
1189	1188	accepted	Anthyllis vulneraria	species
1190	3808	accepted	Antirrhinum	genus
1191	1190	accepted	Antirrhinum majus	species
SYN3754	3754	synonym	Antirrhinum orontium	species
1192	2901	accepted	Apera	genus
1193	1192	accepted	Apera interrupta	species
1194	1192	accepted	Apera spica-venti	species
1195	3139	accepted	Aphanes	genus
1196	1195	accepted	Aphanes arvensis	species
1197	1195	accepted	Aphanes australis	species
1198	x6	accepted	Apiaceae	family
1199	1198	accepted	Apium	genus
1200	1199	accepted	Apium graveolens	species
1201	1199	accepted	Apium inundatum	species
1202	1199	accepted	Apium nodiflorum	species
1203	1199	accepted	Apium repens	species
3766	x6	accepted	Apocynaceae	family
1204	x6	accepted	Aquifoliaceae	family
1205	3056	accepted	Aquilegia	genus
1206	1205	accepted	Aquilegia vulgaris	species
1207	3848	accepted	Arabidopsis	genus
3755	1207	accepted	Arabidopsis arenosa	species
1208	1207	accepted	Arabidopsis thaliana	species
1209	3848	accepted	Arabis	genus
SYN3755	3755	synonym	Arabis arenosa	species
4166	1209	accepted	Arabis glabra	species
1210	1209	accepted	Arabis hirsuta	species
SYN3756	3756	synonym	Arabis hirsuta hirsuta	subspecies
SYN3757	3757	synonym	Arabis hirsuta planisiliqua	subspecies
SYN3758	3758	synonym	Arabis hirsuta sagittata	subspecies
3756	3848	accepted	Arabis hirsuta subsp. hirsuta	subspecies
3757	3848	accepted	Arabis hirsuta subsp. planisiliqua	subspecies
3758	3848	accepted	Arabis hirsuta subsp. sagittata	subspecies
1211	x6	accepted	Araceae	family
1212	1999	accepted	Arachis	genus
1213	1212	accepted	Arachis hypogaea	species
1214	x6	accepted	Araliaceae	family
1215	1280	accepted	Arctium	genus
1216	1215	accepted	Arctium lappa	species
1217	1215	accepted	Arctium minus	species
1218	1280	accepted	Arctium minus subsp. pubens	subspecies
1219	1215	accepted	Arctium tomentosum	species
1220	1944	accepted	Arctostaphylos	genus
1221	1220	accepted	Arctostaphylos uva-ursi	species
1222	x6	accepted	Arecaceae	family
1223	1538	accepted	Arenaria	genus
SYN3759	3759	synonym	Arenaria leptoclados	species
1224	1223	accepted	Arenaria serpyllifolia	species
SYN3760	3760	synonym	Arenaria serpyllifolia serpyllifolia	subspecies
3759	1538	accepted	Arenaria serpyllifolia subsp. leptoclados	subspecies
3760	1538	accepted	Arenaria serpyllifolia subsp. serpyllifolia	subspecies
1225	1227	accepted	Aristolochia	genus
1227	x6	accepted	Aristolochiaceae	family
1226	1225	accepted	Aristolochia clematitis	species
1228	2890	accepted	Armeria	genus
1229	1228	accepted	Armeria maritima	species
1230	3848	accepted	Armoracia	genus
1231	1230	accepted	Armoracia rusticana	species
1232	1280	accepted	Arnica	genus
1233	1232	accepted	Arnica montana	species
1234	1280	accepted	Arnoseris	genus
1235	1234	accepted	Arnoseris minima	species
1236	3139	accepted	Aronia	genus
1237	1236	accepted	Aronia × prunifolia	species
1238	2901	accepted	Arrhenatherum	genus
1239	1238	accepted	Arrhenatherum elatius	species
SYN3761	3761	synonym	Arrhenatherum elatius bulbosum	subspecies
SYN3762	3762	synonym	Arrhenatherum elatius elatius	subspecies
3761	2901	accepted	Arrhenatherum elatius subsp. bulbosum	subspecies
3762	2901	accepted	Arrhenatherum elatius subsp. elatius	subspecies
1240	1280	accepted	Artemisia	genus
1241	1240	accepted	Artemisia absinthium	species
1242	1240	accepted	Artemisia biennis	species
1243	1240	accepted	Artemisia campestris	species
SYN3763	3763	synonym	Artemisia campestris campestris	subspecies
SYN3764	3764	synonym	Artemisia campestris maritima	subspecies
3763	1280	accepted	Artemisia campestris subsp. campestris	subspecies
3764	1280	accepted	Artemisia campestris subsp. maritima	subspecies
1244	1240	accepted	Artemisia dracunculus	species
4132	1240	accepted	Artemisia maritima	species
1245	1240	accepted	Artemisia verlotiorum	species
1246	1240	accepted	Artemisia vulgaris	species
1247	1211	accepted	Arum	genus
1248	1247	accepted	Arum italicum	species
1249	1247	accepted	Arum maculatum	species
1250	3139	accepted	Aruncus	genus
1251	1250	accepted	Aruncus dioicus	species
SYN3765	3765	synonym	Arundinaria japonica	species
1252	1227	accepted	Asarum	genus
1253	1252	accepted	Asarum europaeum	species
SYN3766	3766	synonym	Asclepiadaceae	unranked
1254	4214	accepted	Asclepias syriaca	species
1255	2423	accepted	Asparagus	genus
1256	1255	accepted	Asparagus officinalis	species
SYN3767	3767	synonym	Asparagus officinalis officinalis	subspecies
SYN3768	3768	synonym	Asparagus officinalis prostratus	subspecies
3767	2423	accepted	Asparagus officinalis subsp. officinalis	subspecies
3768	2423	accepted	Asparagus officinalis subsp. prostratus	subspecies
1257	1352	accepted	Asperugo	genus
1258	1257	accepted	Asperugo procumbens	species
1259	3146	accepted	Asperula	genus
1260	1259	accepted	Asperula arvensis	species
1261	1259	accepted	Asperula cynanchica	species
SYN3769	3769	synonym	Asperula glauca	species
SYN3770	3770	synonym	Asperula odorata	species
1262	x6	accepted	Aspleniaceae	family
1263	1262	accepted	Asplenium	genus
1264	1263	accepted	Asplenium adiantum-nigrum	species
1265	1263	accepted	Asplenium ceterach	species
1266	1263	accepted	Asplenium fontanum	species
3771	1263	accepted	Asplenium foresiense	species
SYN3771	3771	synonym	Asplenium foreziense	species
1267	1263	accepted	Asplenium ruta-muraria	species
1268	1263	accepted	Asplenium scolopendrium	species
1269	1263	accepted	Asplenium trichomanes	species
SYN3772	3772	synonym	Asplenium trichomanes quadrivalens	subspecies
3772	1262	accepted	Asplenium trichomanes subsp. quadrivalens	subspecies
3773	1262	accepted	Asplenium trichomanes subsp. trichomanes	subspecies
SYN3773	3773	synonym	Asplenium trichomanes trichomanes	subspecies
1270	1263	accepted	Asplenium viride	species
1271	1280	accepted	Aster	genus
1279	1271	accepted	Aster × versicolor	species
1280	x6	accepted	Asteraceae	family
1281	1280	accepted	Asteraceae liguliflorae	species
1282	1280	accepted	Asteraceae tubuliflorae	species
1272	1271	accepted	Aster laevis	species
1273	1271	accepted	Aster lanceolatus	species
1275	1271	accepted	Aster macrophyllus	species
1276	1271	accepted	Aster novi-belgii	species
1277	1271	accepted	Aster tripolium	species
1278	1280	accepted	Aster tripolium f. discoideus	form
1283	1999	accepted	Astragalus	genus
1284	1283	accepted	Astragalus glycyphyllos	species
1285	x6	accepted	Athyriaceae	family
1287	4215	accepted	Athyrium filix-femina	species
1288	1120	accepted	Atriplex	genus
1290	1288	accepted	Atriplex glabriuscula	species
SYN3774	3774	synonym	Atriplex hastata	species
1291	1288	accepted	Atriplex hortensis	species
1292	1288	accepted	Atriplex laciniata	species
1293	1288	accepted	Atriplex littoralis	species
1294	1288	accepted	Atriplex longipes	species
1295	1288	accepted	Atriplex patula	species
1296	1120	accepted	Atriplex patula var. bracteata	variety
1297	1120	accepted	Atriplex patula var. patula	variety
3992	1288	accepted	Atriplex pedunculata	species
3993	1288	accepted	Atriplex portulacoides	species
3774	1288	accepted	Atriplex prostrata	species
1298	1120	accepted	Atriplex prostrata var. prostrata	variety
1299	3364	accepted	Atropa	genus
1300	1299	accepted	Atropa bella-donna	species
1301	3848	accepted	Aubrieta	genus
1302	1301	accepted	Aubrieta deltoidea	species
1303	2901	accepted	Avena	genus
1304	1303	accepted	Avena fatua	species
1305	1303	accepted	Avena sativa	species
1306	1303	accepted	Avena sterilis	species
1307	1303	accepted	Avena strigosa	species
SYN3775	3775	synonym	Avenella flexuosa	species
SYN3776	3776	synonym	Avenula pratensis	species
SYN3777	3777	synonym	Avenula pubescens	species
1308	1120	accepted	Axyris	genus
1309	1308	accepted	Axyris amaranthoides	species
1310	3779	accepted	Azolla	genus
SYN3779	3779	synonym	Azollaceae	unranked
3778	1310	accepted	Azolla cristata	species
1311	1310	accepted	Azolla filiculoides	species
SYN3778	3778	synonym	Azolla mexicana	species
1312	4216	accepted	Baccharis halimifolia	species
1313	4217	accepted	Baldellia ranunculoides	species
1314	2347	accepted	Ballota	genus
1315	1314	accepted	Ballota nigra	species
SYN3780	3780	synonym	Ballota nigra foetida	subspecies
SYN3781	3781	synonym	Ballota nigra nigra	subspecies
3780	2347	accepted	Ballota nigra subsp. foetida	subspecies
3781	2347	accepted	Ballota nigra subsp. nigra	subspecies
1316	x6	accepted	Balsaminaceae	family
1317	3848	accepted	Barbarea	genus
1318	1317	accepted	Barbarea intermedia	species
1319	1317	accepted	Barbarea stricta	species
1320	1317	accepted	Barbarea verna	species
1321	1317	accepted	Barbarea vulgaris	species
1323	1120	accepted	Bassia	genus
1324	1323	accepted	Bassia hirsuta	species
1325	1323	accepted	Bassia scoparia	species
SYN3782	3782	synonym	Batrachium	unranked
1326	1280	accepted	Bellis	genus
1327	1326	accepted	Bellis perennis	species
1328	x6	accepted	Berberidaceae	family
1329	1328	accepted	Berberis	genus
1330	1329	accepted	Berberis aggregata	species
1331	1329	accepted	Berberis aquifolium	species
1332	1329	accepted	Berberis thunbergii	species
1333	1329	accepted	Berberis vulgaris	species
1334	3848	accepted	Berteroa	genus
1335	1334	accepted	Berteroa incana	species
1336	1198	accepted	Berula	genus
4139	1336	accepted	Berula erecta	species
1337	1120	accepted	Beta	genus
1338	1337	accepted	Beta vulgaris	species
SYN3783	3783	synonym	Beta vulgaris maritima	subspecies
3783	1120	accepted	Beta vulgaris subsp. maritima	subspecies
3784	1120	accepted	Beta vulgaris subsp. vulgaris	subspecies
SYN3784	3784	synonym	Beta vulgaris vulgaris	subspecies
1339	1343	accepted	Betula	genus
1343	x6	accepted	Betulaceae	family
1340	1339	accepted	Betula nana	species
1341	1339	accepted	Betula pendula	species
1342	1339	accepted	Betula pubescens	species
1344	1280	accepted	Bidens	genus
3785	1344	accepted	Bidens cernua	species
SYN3785	3785	synonym	Bidens cernuus	species
3786	1344	accepted	Bidens connata	species
SYN3786	3786	synonym	Bidens connatus	species
3787	1344	accepted	Bidens frondosa	species
SYN3787	3787	synonym	Bidens frondosus	species
3788	1344	accepted	Bidens tripartita	species
SYN3788	3788	synonym	Bidens tripartitus	species
1345	1198	accepted	Bifora	genus
1346	1345	accepted	Bifora radians	species
SYN3789	3789	synonym	Bilderdykia	unranked
1347	2092	accepted	Blackstonia	genus
1348	1347	accepted	Blackstonia perfoliata	species
SYN3790	3790	synonym	Blackstonia perfoliata perfoliata	subspecies
SYN3791	3791	synonym	Blackstonia perfoliata serotina	subspecies
3790	2092	accepted	Blackstonia perfoliata subsp. perfoliata	subspecies
3791	2092	accepted	Blackstonia perfoliata subsp. serotina	subspecies
1349	x6	accepted	Blechnaceae	family
1350	1349	accepted	Blechnum	genus
1351	1350	accepted	Blechnum spicant	species
4113	4218	accepted	Blysmus compressus	species
4114	4218	accepted	Blysmus rufus	species
4111	4219	accepted	Bolboschoenus maritimus	species
1352	x6	accepted	Boraginaceae	family
1353	1352	accepted	Borago	genus
1354	1353	accepted	Borago officinalis	species
1355	2698	accepted	Botrychium	genus
1356	1355	accepted	Botrychium lunaria	species
1357	1355	accepted	Botrychium matricariifolium	species
1358	2901	accepted	Brachypodium	genus
1359	1358	accepted	Brachypodium pinnatum	species
1360	1358	accepted	Brachypodium sylvaticum	species
1362	3848	accepted	Brassica	genus
3848	x6	accepted	Brassicaceae	family
1363	1362	accepted	Brassica juncea	species
1364	1362	accepted	Brassica napus	species
1365	1362	accepted	Brassica nigra	species
1366	1362	accepted	Brassica oleracea	species
SYN3792	3792	synonym	Brassica oleracea oleracea	subspecies
3792	3848	accepted	Brassica oleracea subsp. oleracea	subspecies
1367	1362	accepted	Brassica rapa	species
1368	2901	accepted	Briza	genus
1369	1368	accepted	Briza media	species
3797	4220	accepted	Bromopsis erecta	species
3800	4220	accepted	Bromopsis inermis	species
3804	4220	accepted	Bromopsis ramosa	species
SYN3793	3793	synonym	Bromopsis ramosa benekenii	subspecies
SYN3794	3794	synonym	Bromopsis ramosa ramosa	subspecies
3793	2901	accepted	Bromopsis ramosa subsp. benekenii	subspecies
3794	2901	accepted	Bromopsis ramosa subsp. ramosa	subspecies
1370	4221	accepted	Bromus arvensis	species
1371	4221	accepted	Bromus bromoideus	species
SYN3795	3795	synonym	Bromus carinatus	species
SYN3796	3796	synonym	Bromus catharticus	species
SYN3797	3797	synonym	Bromus erectus	species
3801	4221	accepted	Bromus hordeaceus	species
SYN3798	3798	synonym	Bromus hordeaceus hordeaceus	subspecies
3798	2901	accepted	Bromus hordeaceus subsp. hordeaceus	subspecies
3799	2901	accepted	Bromus hordeaceus subsp. thominei	subspecies
SYN3799	3799	synonym	Bromus hordeaceus thominei	subspecies
SYN3800	3800	synonym	Bromus inermis	species
1372	4221	accepted	Bromus japonicus	species
1373	4221	accepted	Bromus lepidus	species
SYN3801	3801	synonym	Bromus mollis	species
1374	4221	accepted	Bromus racemosus	species
SYN3802	3802	synonym	Bromus racemosus commutatus	subspecies
SYN3803	3803	synonym	Bromus racemosus racemosus	subspecies
3802	2901	accepted	Bromus racemosus subsp. commutatus	subspecies
3803	2901	accepted	Bromus racemosus subsp. racemosus	subspecies
SYN3804	3804	synonym	Bromus ramosus	species
1375	4221	accepted	Bromus secalinus	species
SYN3805	3805	synonym	Bromus sterilis	species
SYN3806	3806	synonym	Bromus tectorum	species
1376	4222	accepted	Brunnera macrophylla	species
1377	1772	accepted	Bryonia	genus
SYN3807	3807	synonym	Bryonia cretica	species
3807	1377	accepted	Bryonia dioica	species
x53	x4	accepted	Bryophyta	phylum
1378	3808	accepted	Buddleja	genus
SYN3808	3808	synonym	Buddlejaceae	unranked
1379	1378	accepted	Buddleja davidii	species
SYN3809	3809	synonym	Buglossoides arvensis	species
1380	3848	accepted	Bunias	genus
1381	1380	accepted	Bunias orientalis	species
1382	1198	accepted	Bunium	genus
1383	1382	accepted	Bunium bulbocastanum	species
1384	1198	accepted	Bupleurum	genus
1385	1384	accepted	Bupleurum rotundifolium	species
1386	1384	accepted	Bupleurum subovatum	species
1387	1384	accepted	Bupleurum tenuissimum	species
1388	x6	accepted	Butomaceae	family
1389	1388	accepted	Butomus	genus
1390	1389	accepted	Butomus umbellatus	species
1391	x6	accepted	Buxaceae	family
1392	1391	accepted	Buxus	genus
1393	1392	accepted	Buxus sempervirens	species
1394	3848	accepted	Cakile	genus
1395	1394	accepted	Cakile maritima	species
1396	2901	accepted	Calamagrostis	genus
1397	1396	accepted	Calamagrostis canescens	species
1398	1396	accepted	Calamagrostis epigejos	species
SYN3810	3810	synonym	Calamagrostis neglecta	species
1399	1396	accepted	Calamagrostis pseudophragmites	species
3810	1396	accepted	Calamagrostis stricta	species
SYN3811	3811	synonym	Calamintha sylvatica	species
1400	2901	accepted	x Calammophila	genus
1402	1280	accepted	Calendula	genus
1403	1402	accepted	Calendula arvensis	species
1404	1402	accepted	Calendula officinalis	species
1405	3848	accepted	Calepina	genus
1406	1405	accepted	Calepina irregularis	species
1407	1211	accepted	Calla	genus
1408	1407	accepted	Calla palustris	species
1409	2877	accepted	Callitriche	genus
1410	1409	accepted	Callitriche brutia	species
1411	1409	accepted	Callitriche cophocarpa	species
1412	1409	accepted	Callitriche hermaphroditica	species
1413	1409	accepted	Callitriche obtusangula	species
1414	1409	accepted	Callitriche palustris	species
1415	1409	accepted	Callitriche platycarpa	species
1416	1409	accepted	Callitriche stagnalis	species
1417	1409	accepted	Callitriche truncata	species
1418	1944	accepted	Calluna	genus
1419	1418	accepted	Calluna vulgaris	species
1420	3056	accepted	Caltha	genus
1421	1420	accepted	Caltha palustris	species
SYN3812	3812	synonym	Caltha palustris araneosa	subspecies
SYN3813	3813	synonym	Caltha palustris palustris	subspecies
3812	3056	accepted	Caltha palustris subsp. araneosa	subspecies
3813	3056	accepted	Caltha palustris subsp. palustris	subspecies
1422	1698	accepted	Calystegia	genus
SYN3814	3814	synonym	Calystegia sepium	species
SYN3815	3815	synonym	Calystegia soldanella	species
1423	3848	accepted	Camelina	genus
1424	1423	accepted	Camelina sativa	species
SYN3816	3816	synonym	Camelina sativa alyssum	subspecies
SYN3817	3817	synonym	Camelina sativa microcarpa	subspecies
SYN3818	3818	synonym	Camelina sativa pilosa	subspecies
SYN3819	3819	synonym	Camelina sativa sativa	subspecies
3816	3848	accepted	Camelina sativa subsp. alyssum	subspecies
3817	3848	accepted	Camelina sativa subsp. microcarpa	subspecies
3818	3848	accepted	Camelina sativa subsp. pilosa	subspecies
3819	3848	accepted	Camelina sativa subsp. sativa	subspecies
1425	1439	accepted	Campanula	genus
1426	1425	accepted	Campanula carpatica	species
1439	x6	accepted	Campanulaceae	family
1427	1425	accepted	Campanula glomerata	species
1428	1425	accepted	Campanula latifolia	species
1429	1425	accepted	Campanula medium	species
1430	1425	accepted	Campanula patula	species
1431	1425	accepted	Campanula persicifolia	species
1432	1425	accepted	Campanula portenschlagiana	species
1433	1425	accepted	Campanula poscharskyana	species
1434	1425	accepted	Campanula rapunculoides	species
1435	1425	accepted	Campanula rapunculus	species
1436	1425	accepted	Campanula rhomboidalis	species
1437	1425	accepted	Campanula rotundifolia	species
1438	1425	accepted	Campanula trachelium	species
1440	x6	accepted	Cannabaceae	family
1441	1440	accepted	Cannabis	genus
1442	1441	accepted	Cannabis sativa	species
1443	4224	accepted	Capparis spinosa	species
1444	x6	accepted	Caprifoliaceae	family
1445	3848	accepted	Capsella	genus
1446	1445	accepted	Capsella bursa-pastoris	species
1447	3364	accepted	Capsicum	genus
1448	1447	accepted	Capsicum annuum	species
1449	3848	accepted	Cardamine	genus
1450	1449	accepted	Cardamine amara	species
3855	1449	accepted	Cardamine bulbifera	species
1451	1449	accepted	Cardamine corymbosa	species
1452	1449	accepted	Cardamine flexuosa	species
1453	1449	accepted	Cardamine hirsuta	species
1454	1449	accepted	Cardamine impatiens	species
1455	1449	accepted	Cardamine pratensis	species
SYN3820	3820	synonym	Cardamine pratensis dentata	subspecies
SYN3821	3821	synonym	Cardamine pratensis pratensis	subspecies
3820	3848	accepted	Cardamine pratensis subsp. dentata	subspecies
3821	3848	accepted	Cardamine pratensis subsp. pratensis	subspecies
SYN3822	3822	synonym	Cardaria draba	species
1456	1280	accepted	Carduus	genus
1457	1456	accepted	Carduus acanthoides	species
1458	1456	accepted	Carduus crispus	species
1459	1456	accepted	Carduus nutans	species
1460	1456	accepted	Carduus tenuiflorus	species
1461	1792	accepted	Carex	genus
1462	1792	accepted	Carex (bicarpellate)	genus
1520	1792	accepted	Carex (Carex)	subgenus
1521	1792	accepted	Carex (Vignea)	subgenus
1464	1461	accepted	Carex acuta	species
1465	1461	accepted	Carex acutiformis	species
1466	1461	accepted	Carex appropinquata	species
1467	1461	accepted	Carex aquatilis	species
1468	1461	accepted	Carex arenaria	species
1469	1461	accepted	Carex brizoides	species
1470	1461	accepted	Carex buxbaumii	species
1471	1461	accepted	Carex caryophyllea	species
1472	1461	accepted	Carex cespitosa	species
1473	1461	accepted	Carex chordorrhiza	species
1474	1461	accepted	Carex crawfordii	species
SYN3823	3823	synonym	Carex cuprina	species
1475	1461	accepted	Carex curta	species
SYN3825	3825	synonym	Carex demissa	species
SYN3824	3824	synonym	Carex demissa /serotina	species
1476	1461	accepted	Carex diandra	species
1477	1461	accepted	Carex digitata	species
1478	1461	accepted	Carex dioica	species
1479	1461	accepted	Carex distans	species
1480	1461	accepted	Carex disticha	species
1481	1461	accepted	Carex divisa	species
1482	1461	accepted	Carex divulsa	species
SYN3826	3826	synonym	Carex divulsa divulsa	subspecies
SYN3827	3827	synonym	Carex divulsa leersii	subspecies
3826	1792	accepted	Carex divulsa subsp. divulsa	subspecies
3827	1792	accepted	Carex divulsa subsp. leersii	subspecies
1483	1461	accepted	Carex echinata	species
3828	1461	accepted	Carex elata	species
1484	1461	accepted	Carex elongata	species
1485	1461	accepted	Carex ericetorum	species
1486	1461	accepted	Carex extensa	species
1487	1461	accepted	Carex flacca	species
1488	1461	accepted	Carex flava	species
1489	1461	accepted	Carex hartmanii	species
1490	1461	accepted	Carex hirta	species
1491	1461	accepted	Carex hostiana	species
SYN3828	3828	synonym	Carex hudsonii	species
1492	1461	accepted	Carex laevigata	species
1493	1461	accepted	Carex lasiocarpa	species
1494	1461	accepted	Carex lepidocarpa	species
1495	1461	accepted	Carex ligerica	species
1496	1461	accepted	Carex limosa	species
1497	1461	accepted	Carex muricata	species
1498	1461	accepted	Carex nigra	species
3824	1461	accepted	Carex oederi	species
3825	1792	accepted	Carex oederi subsp. oederi	subspecies
3829	1792	accepted	Carex oederi subsp. oedocarpa	subspecies
3823	1461	accepted	Carex otrubae	species
1499	1461	accepted	Carex ovalis	species
1500	1461	accepted	Carex pallescens	species
1501	1461	accepted	Carex panicea	species
1502	1461	accepted	Carex paniculata	species
1503	1461	accepted	Carex pendula	species
1504	1461	accepted	Carex pilulifera	species
1505	1461	accepted	Carex praecox	species
1506	1461	accepted	Carex pseudocyperus	species
1507	1461	accepted	Carex pulicaris	species
1508	1461	accepted	Carex punctata	species
1509	1461	accepted	Carex reichenbachii	species
1510	1461	accepted	Carex remota	species
1511	1461	accepted	Carex riparia	species
1512	1461	accepted	Carex rostrata	species
1513	1792	accepted	Carex sect. Acutae	section botany
1514	1792	accepted	Carex sect. Flavae	section botany
1515	1792	accepted	Carex sect. Hirtae	section botany
1516	1792	accepted	Carex sect. Paniculatae	section botany
1517	1792	accepted	Carex sect. Vulpinae	section botany
1463	1792	accepted	Carex (tricarpellate)	genus
1518	1461	accepted	Carex spicata	species
1519	1461	accepted	Carex strigosa	species
1522	1461	accepted	Carex sylvatica	species
1523	1461	accepted	Carex tomentosa	species
1524	1461	accepted	Carex trinervis	species
1525	1461	accepted	Carex vesicaria	species
1526	1461	accepted	Carex vulpina	species
1527	1461	accepted	Carex vulpinoidea	species
1528	1280	accepted	Carlina	genus
1529	1528	accepted	Carlina vulgaris	species
1530	1343	accepted	Carpinus	genus
1531	1530	accepted	Carpinus betulus	species
1532	1280	accepted	Carthamus	genus
1533	1532	accepted	Carthamus tinctorius	species
1534	1198	accepted	Carum	genus
1535	1534	accepted	Carum carvi	species
1536	1534	accepted	Carum verticillatum	species
1537	4225	accepted	Caryocar nuciferum	species
1538	x6	accepted	Caryophyllaceae	family
1539	4226	accepted	Cassia europaea	species
1540	2000	accepted	Castanea	genus
1541	1540	accepted	Castanea sativa	species
1542	2901	accepted	Catabrosa	genus
1543	1542	accepted	Catabrosa aquatica	species
1544	4227	accepted	Catalpa bignonioides	species
3856	2901	accepted	Catapodium	genus
3857	3856	accepted	Catapodium marinum	species
3858	3856	accepted	Catapodium rigidum	species
1545	1198	accepted	Caucalis	genus
1546	1545	accepted	Caucalis platycarpos	species
1547	x6	accepted	Celastraceae	family
1548	1280	accepted	Centaurea	genus
1549	1548	accepted	Centaurea calcitrapa	species
1550	1548	accepted	Centaurea cyanus	species
1551	1548	accepted	Centaurea jacea	species
1552	1548	accepted	Centaurea montana	species
1553	1548	accepted	Centaurea scabiosa	species
1554	1548	accepted	Centaurea solstitialis	species
1555	1548	accepted	Centaurea stoebe	species
1556	2092	accepted	Centaurium	genus
1557	1556	accepted	Centaurium erythraea	species
1558	1556	accepted	Centaurium littorale	species
1559	1556	accepted	Centaurium pulchellum	species
1560	1444	accepted	Centranthus	genus
1561	1560	accepted	Centranthus ruber	species
3753	4228	accepted	Centunculus minimus	species
1562	2706	accepted	Cephalanthera	genus
1563	1562	accepted	Cephalanthera damasonium	species
1564	1562	accepted	Cephalanthera longifolia	species
1565	1562	accepted	Cephalanthera rubra	species
1566	1538	accepted	Cerastium	genus
1567	1566	accepted	Cerastium arvense	species
1568	1566	accepted	Cerastium brachypetalum	species
1569	1566	accepted	Cerastium diffusum	species
1570	1566	accepted	Cerastium fontanum	species
SYN3830	3830	synonym	Cerastium fontanum glabrescens	subspecies
3830	1538	accepted	Cerastium fontanum subsp. holosteoides	subspecies
3831	1538	accepted	Cerastium fontanum subsp. vulgare	subspecies
SYN3831	3831	synonym	Cerastium fontanum vulgare	subspecies
1571	1566	accepted	Cerastium glomeratum	species
1572	1566	accepted	Cerastium glutinosum	species
1573	1566	accepted	Cerastium pumilum	species
1574	1566	accepted	Cerastium semidecandrum	species
1575	1566	accepted	Cerastium tomentosum	species
1576	2768	accepted	Ceratocapnos	genus
1577	1576	accepted	Ceratocapnos claviculata	species
3795	4229	accepted	Ceratochloa carinata	species
3796	4229	accepted	Ceratochloa cathartica	species
1578	x6	accepted	Ceratophyllaceae	family
1579	1578	accepted	Ceratophyllum	genus
1580	1579	accepted	Ceratophyllum demersum	species
1581	1579	accepted	Ceratophyllum submersum	species
1582	2901	accepted	Cerealia	genus
1583	1262	accepted	Ceterach	genus
3832	3808	accepted	Chaenorhinum	genus
3951	3832	accepted	Chaenorhinum minus	species
1584	3832	accepted	Chaenorhinum origanifolium	species
SYN3832	3832	synonym	Chaenorrhinum	unranked
1585	1198	accepted	Chaerophyllum	genus
1586	1585	accepted	Chaerophyllum aureum	species
1587	1585	accepted	Chaerophyllum bulbosum	species
1588	1585	accepted	Chaerophyllum temulum	species
1589	1774	accepted	Chamaecyparis	genus
1590	1589	accepted	Chamaecyparis lawsoniana	species
1591	1589	accepted	Chamaecyparis nootkatensis	species
SYN3833	3833	synonym	Chamaenerion	unranked
SYN3834	3834	synonym	Chamaenerion angustifolium	species
3833	2689	accepted	Chamerion	genus
3834	3833	accepted	Chamerion angustifolium	species
1592	1593	accepted	Chara	genus
1593	x5F	accepted	Characeae	family
x5F	x4	accepted	Charophyta	phylum
1594	2768	accepted	Chelidonium	genus
1595	1594	accepted	Chelidonium majus	species
1596	x6	accepted	Chenopodiaceae	family
1597	1120	accepted	Chenopodium	genus
1598	1597	accepted	Chenopodium album	species
1599	1597	accepted	Chenopodium ambrosioides	species
1600	1597	accepted	Chenopodium berlandieri	species
1601	1597	accepted	Chenopodium bonus-henricus	species
1602	1597	accepted	Chenopodium botrys	species
1603	1597	accepted	Chenopodium capitatum	species
1604	1597	accepted	Chenopodium chenopodioides	species
1605	1597	accepted	Chenopodium ficifolium	species
1606	1597	accepted	Chenopodium foliosum	species
1607	1597	accepted	Chenopodium glaucum	species
1608	1597	accepted	Chenopodium hybridum	species
1609	1597	accepted	Chenopodium murale	species
1610	1597	accepted	Chenopodium polyspermum	species
1611	1597	accepted	Chenopodium pumilio	species
1612	1597	accepted	Chenopodium quinoa	species
1613	1597	accepted	Chenopodium rubrum	species
1614	1597	accepted	Chenopodium schraderianum	species
1615	1597	accepted	Chenopodium vulvaria	species
1617	1280	accepted	Chondrilla	genus
1618	1617	accepted	Chondrilla juncea	species
1619	1280	accepted	Chrysanthemum	genus
SYN3835	3835	synonym	Chrysanthemum coronaria	species
SYN3836	3836	synonym	Chrysanthemum leucanthemum	species
1620	1619	accepted	Chrysanthemum segetum	species
1621	3246	accepted	Chrysosplenium	genus
1622	1621	accepted	Chrysosplenium alternifolium	species
1623	1621	accepted	Chrysosplenium oppositifolium	species
1624	2092	accepted	Cicendia	genus
1625	1624	accepted	Cicendia filiformis	species
1626	1999	accepted	Cicer	genus
1627	1626	accepted	Cicer arietinum	species
1628	1280	accepted	Cichorium	genus
1629	1628	accepted	Cichorium endivia	species
1630	1628	accepted	Cichorium intybus	species
1631	1198	accepted	Cicuta	genus
1632	1631	accepted	Cicuta virosa	species
1633	4230	accepted	Cinnamomum zeylanicum	species
1634	2689	accepted	Circaea	genus
1637	1634	accepted	Circaea × intermedia	species
1635	1634	accepted	Circaea alpina	species
1636	1634	accepted	Circaea lutetiana	species
1638	1280	accepted	Cirsium	genus
1645	1638	accepted	Cirsium × forsteri	species
3837	1638	accepted	Cirsium acaule	species
SYN3837	3837	synonym	Cirsium acaulon	species
1639	1638	accepted	Cirsium arvense	species
1640	1638	accepted	Cirsium dissectum	species
1641	1638	accepted	Cirsium eriophorum	species
1642	1638	accepted	Cirsium oleraceum	species
1643	1638	accepted	Cirsium palustre	species
1644	1638	accepted	Cirsium vulgare	species
1646	x6	accepted	Cistaceae	family
1647	1646	accepted	Cistus	genus
1648	1647	accepted	Cistus albidus	species
1649	1647	accepted	Cistus clusii	species
1650	1647	accepted	Cistus incanus	species
1651	1647	accepted	Cistus ladanifer	species
1652	1772	accepted	Citrullus	genus
1653	1652	accepted	Citrullus colocynthis	species
1654	1652	accepted	Citrullus lanatus	species
1655	3179	accepted	Citrus	genus
1656	1655	accepted	Citrus aurantium	species
1657	1792	accepted	Cladium	genus
1658	1657	accepted	Cladium mariscus	species
1660	4231	accepted	Claviceps purpurea	species
1661	2947	accepted	Claytonia	genus
1662	1661	accepted	Claytonia perfoliata	species
1663	1661	accepted	Claytonia sibirica	species
1664	3056	accepted	Clematis	genus
1665	1664	accepted	Clematis vitalba	species
1666	1664	accepted	Clematis viticella	species
1667	1669	accepted	Clethra	genus
1668	1667	accepted	Clethra alnifolia	species
1669	x6	accepted	Clethraceae	family
1670	2347	accepted	Clinopodium	genus
4103	1670	accepted	Clinopodium acinos	species
3811	1670	accepted	Clinopodium calamintha	species
SYN3838	3838	synonym	Clinopodium hortensis	species
4104	1670	accepted	Clinopodium menthifolium	species
SYN3839	3839	synonym	Clinopodium montana	species
1671	1670	accepted	Clinopodium vulgare	species
1672	3848	accepted	Cochlearia	genus
1673	1672	accepted	Cochlearia danica	species
1674	1672	accepted	Cochlearia officinalis	species
SYN3840	3840	synonym	Cochlearia officinalis anglica	subspecies
SYN3841	3841	synonym	Cochlearia officinalis officinalis	subspecies
3840	3848	accepted	Cochlearia officinalis subsp. anglica	subspecies
3841	3848	accepted	Cochlearia officinalis subsp. officinalis	subspecies
1675	1222	accepted	Cocos	genus
1676	1675	accepted	Cocos nucifera	species
1677	2706	accepted	Coeloglossum	genus
1678	1677	accepted	Coeloglossum viride	species
1679	3146	accepted	Coffea	genus
1680	1679	accepted	Coffea arabica	species
1681	3848	accepted	Coincya	genus
SYN3842	3842	synonym	Coincya cheiranthos	species
3842	1681	accepted	Coincya monensis	species
1682	2423	accepted	Colchicum	genus
1683	1682	accepted	Colchicum autumnale	species
1684	1682	accepted	Colchicum byzantinum	species
1685	1999	accepted	Colutea	genus
1688	1685	accepted	Colutea × media	species
1686	1685	accepted	Colutea arborescens	species
1687	1685	accepted	Colutea orientalis	species
4051	4232	accepted	Comarum palustre	species
1690	1198	accepted	Conium	genus
1691	1690	accepted	Conium maculatum	species
1692	3848	accepted	Conringia	genus
1693	1692	accepted	Conringia orientalis	species
1694	3056	accepted	Consolida	genus
1695	1694	accepted	Consolida ajacis	species
3843	1694	accepted	Consolida hispanica	species
SYN3843	3843	synonym	Consolida orientale	species
3854	1694	accepted	Consolida regalis	species
1696	2423	accepted	Convallaria	genus
1697	1696	accepted	Convallaria majalis	species
1698	x6	accepted	Convolvulaceae	family
1699	1698	accepted	Convolvulus	genus
1700	1699	accepted	Convolvulus arvensis	species
1701	1699	accepted	Convolvulus lineatus	species
3814	1699	accepted	Convolvulus sepium	species
1702	1699	accepted	Convolvulus silvaticus	species
3815	1699	accepted	Convolvulus soldanella	species
1703	4233	accepted	Conyza bonariensis	species
3876	4233	accepted	Conyza canadensis	species
1704	4233	accepted	Conyza sumatrensis	species
1705	2706	accepted	Corallorhiza	genus
1706	4234	accepted	Corallorrhiza trifida	species
1707	1198	accepted	Coriandrum	genus
1708	1707	accepted	Coriandrum sativum	species
1709	1120	accepted	Corispermum	genus
3844	1709	accepted	Corispermum intermedium	species
SYN3844	3844	synonym	Corispermum leptopterum	species
1710	1709	accepted	Corispermum marschallii	species
1711	x6	accepted	Cornaceae	family
1712	1711	accepted	Cornus	genus
1713	1712	accepted	Cornus mas	species
1714	1712	accepted	Cornus sanguinea	species
1715	1712	accepted	Cornus sericea	species
1717	1712	accepted	Cornus suecica	species
SYN3845	3845	synonym	Coronilla varia	species
1718	3848	accepted	Coronopus	genus
1719	1718	accepted	Coronopus didymus	species
1720	1718	accepted	Coronopus squamatus	species
1721	1538	accepted	Corrigiola	genus
1722	1721	accepted	Corrigiola litoralis	species
1723	2768	accepted	Corydalis	genus
1724	1723	accepted	Corydalis cava	species
1725	1723	accepted	Corydalis solida	species
1726	x6	accepted	Corylaceae	family
1727	1343	accepted	Corylus	genus
1728	1727	accepted	Corylus avellana	species
1729	2901	accepted	Corynephorus	genus
1730	1729	accepted	Corynephorus canescens	species
1731	1280	accepted	Cosmos	genus
1732	1731	accepted	Cosmos bipinnatus	species
1733	3139	accepted	Cotoneaster	genus
1734	1733	accepted	Cotoneaster horizontalis	species
1735	1733	accepted	Cotoneaster integerrimus	species
1736	1733	accepted	Cotoneaster nebrodensis	species
1737	1733	accepted	Cotoneaster rehderi	species
1738	1733	accepted	Cotoneaster salicifolius	species
1739	1733	accepted	Cotoneaster sternianus	species
1740	1280	accepted	Cotula	genus
1741	1740	accepted	Cotula coronopifolia	species
1742	3848	accepted	Crambe	genus
1743	1742	accepted	Crambe maritima	species
1744	1745	accepted	Crassula	genus
1745	x6	accepted	Crassulaceae	family
4161	1744	accepted	Crassula tillaea	species
1746	3139	accepted	Crataegus	genus
1751	1746	accepted	Crataegus × macrocarpa	species
SYN3846	3846	synonym	Crataegus calycina	species
1747	1746	accepted	Crataegus crus-galli	species
1748	1746	accepted	Crataegus laevigata	species
1749	1746	accepted	Crataegus monogyna	species
1750	1746	accepted	Crataegus monogyna x rosiformis	species
3846	1746	accepted	Crataegus rosiformis	species
1752	1280	accepted	Crepis	genus
1753	1752	accepted	Crepis biennis	species
1754	1752	accepted	Crepis capillaris	species
1755	1752	accepted	Crepis foetida	species
1756	1752	accepted	Crepis paludosa	species
1757	1752	accepted	Crepis setosa	species
1758	1752	accepted	Crepis tectorum	species
3847	1280	accepted	Crepis vesicaria subsp. taraxacifolia	subspecies
SYN3847	3847	synonym	Crepis vesicaria taraxacifolia	subspecies
1759	1198	accepted	Crithmum	genus
1760	1759	accepted	Crithmum maritimum	species
1761	2280	accepted	Crocus	genus
1765	1761	accepted	Crocus × stellaris	species
1762	1761	accepted	Crocus chrysanthus	species
1763	1761	accepted	Crocus tommasinianus	species
1764	1761	accepted	Crocus vernus	species
1766	3146	accepted	Cruciata	genus
3899	1766	accepted	Cruciata laevipes	species
SYN3848	3848	synonym	Cruciferae	unranked
1767	1772	accepted	Cucumis	genus
1768	1767	accepted	Cucumis melo	species
1769	1767	accepted	Cucumis sativus	species
1770	1772	accepted	Cucurbita	genus
1772	x6	accepted	Cucurbitaceae	family
1771	1770	accepted	Cucurbita pepo	species
1773	4235	accepted	Cuminum cyminum	species
1774	x6	accepted	Cupressaceae	family
1775	4236	accepted	Cupressus sempervirens	species
1776	1698	accepted	Cuscuta	genus
1777	1776	accepted	Cuscuta campestris	species
1778	1776	accepted	Cuscuta epilinum	species
1779	1776	accepted	Cuscuta epithymum	species
1780	1776	accepted	Cuscuta europaea	species
1781	1776	accepted	Cuscuta gronovii	species
1782	1776	accepted	Cuscuta lupuliformis	species
1783	4237	accepted	Cydonia oblonga	species
1784	3808	accepted	Cymbalaria	genus
3949	1784	accepted	Cymbalaria muralis	species
SYN3849	3849	synonym	Cynanchum vincetoxicum	species
1785	2901	accepted	Cynodon	genus
1786	1785	accepted	Cynodon dactylon	species
1787	1352	accepted	Cynoglossum	genus
1788	1787	accepted	Cynoglossum officinale	species
1789	2901	accepted	Cynosurus	genus
1790	1789	accepted	Cynosurus cristatus	species
1791	1789	accepted	Cynosurus echinatus	species
1792	x6	accepted	Cyperaceae	family
1793	1792	accepted	Cyperus	genus
1794	1793	accepted	Cyperus eragrostis	species
1795	1793	accepted	Cyperus esculentus	species
1796	1793	accepted	Cyperus flavescens	species
1797	1793	accepted	Cyperus fuscus	species
1798	1793	accepted	Cyperus longus	species
1799	1859	accepted	Cyrtomium	genus
1800	1799	accepted	Cyrtomium falcatum	species
SYN3850	3850	synonym	Cystopteris filix-fragilis	species
3850	4238	accepted	Cystopteris fragilis	species
1802	1999	accepted	Cytisus	genus
4102	1802	accepted	Cytisus scoparius	species
1803	2901	accepted	Dactylis	genus
1804	1803	accepted	Dactylis glomerata	species
1805	2706	accepted	Dactylorhiza	genus
4001	1805	accepted	Dactylorhiza incarnata	species
4002	1805	accepted	Dactylorhiza maculata	species
4003	1805	accepted	Dactylorhiza majalis	species
SYN3851	3851	synonym	Dactylorhiza majalis majalis	subspecies
3851	2706	accepted	Dactylorhiza majalis subsp. majalis	subspecies
4004	2706	accepted	Dactylorhiza majalis subsp. praetermissa	subspecies
1806	1085	accepted	Damasonium	genus
1807	1806	accepted	Damasonium alisma	species
4135	2901	accepted	Danthonia	genus
4136	4135	accepted	Danthonia decumbens	species
1808	3511	accepted	Daphne	genus
1809	1808	accepted	Daphne laureola	species
1810	1808	accepted	Daphne mezereum	species
1811	3364	accepted	Datura	genus
1812	1811	accepted	Datura stramonium	species
1813	1198	accepted	Daucus	genus
1814	1813	accepted	Daucus carota	species
SYN3852	3852	synonym	Daucus carota sativus	subspecies
3852	1198	accepted	Daucus carota subsp. sativus	subspecies
1815	2509	accepted	Decodon	genus
SYN3853	3853	synonym	Delia segetalis	species
SYN3854	3854	synonym	Delphinium consolida	species
3922	x6	accepted	Dennstaedtiaceae	family
SYN3855	3855	synonym	Dentaria bulbifera	species
1816	2901	accepted	Deschampsia	genus
1817	1816	accepted	Deschampsia cespitosa	species
3775	1816	accepted	Deschampsia flexuosa	species
1818	1816	accepted	Deschampsia setacea	species
1819	3848	accepted	Descurainia	genus
1820	1819	accepted	Descurainia sophia	species
SYN3856	3856	synonym	Desmazeria	unranked
SYN3857	3857	synonym	Desmazeria marina	species
SYN3858	3858	synonym	Desmazeria rigida	species
1824	4239	accepted	Deutzia × lemoinei	species
1825	4239	accepted	Deutzia × magnifica	species
1822	4239	accepted	Deutzia gracilis	species
1823	4239	accepted	Deutzia scabra	species
1826	1538	accepted	Dianthus	genus
1827	1826	accepted	Dianthus arenarius	species
1828	1826	accepted	Dianthus armeria	species
1829	1826	accepted	Dianthus barbatus	species
1830	1826	accepted	Dianthus carthusianorum	species
1831	1826	accepted	Dianthus deltoides	species
1832	1826	accepted	Dianthus superbus	species
1833	3808	accepted	Digitalis	genus
1834	1833	accepted	Digitalis lutea	species
1835	1833	accepted	Digitalis purpurea	species
1836	2901	accepted	Digitaria	genus
1837	1836	accepted	Digitaria ischaemum	species
1838	1836	accepted	Digitaria sanguinalis	species
SYN3859	3859	synonym	Diphasiastrum complanatum	species
SYN3860	3860	synonym	Diphasiastrum tristachyum	species
1839	3848	accepted	Diplotaxis	genus
1840	1839	accepted	Diplotaxis muralis	species
1841	1839	accepted	Diplotaxis tenuifolia	species
1842	x6	accepted	Dipsacaceae	family
1843	1444	accepted	Dipsacus	genus
1844	1843	accepted	Dipsacus fullonum	species
1845	1843	accepted	Dipsacus laciniatus	species
1846	1843	accepted	Dipsacus pilosus	species
1847	1843	accepted	Dipsacus sativus	species
1848	4240	accepted	Dittrichia viscosa	species
1849	1280	accepted	Doronicum	genus
1850	1849	accepted	Doronicum pardalianches	species
3861	1849	accepted	Doronicum plantagineum	species
SYN3861	3861	synonym	Doronicum wildenowii	species
1851	3848	accepted	Draba	genus
1852	1851	accepted	Draba muralis	species
1853	1858	accepted	Drosera	genus
1857	1853	accepted	Drosera × obovata	species
1854	1853	accepted	Drosera anglica	species
1858	x6	accepted	Droseraceae	family
1855	1853	accepted	Drosera intermedia	species
1856	1853	accepted	Drosera rotundifolia	species
1859	x6	accepted	Dryopteridaceae	family
1860	1859	accepted	Dryopteris	genus
1866	1860	accepted	Dryopteris × deweveri	species
1867	1860	accepted	Dryopteris × uliginosa	species
3862	1860	accepted	Dryopteris affinis	species
1861	1860	accepted	Dryopteris carthusiana	species
1862	1860	accepted	Dryopteris cristata	species
1863	1860	accepted	Dryopteris dilatata	species
1864	1860	accepted	Dryopteris expansa	species
1865	1860	accepted	Dryopteris filix-mas	species
SYN3862	3862	synonym	Dryopteris pseudomas	species
1868	2901	accepted	Echinochloa	genus
1869	1868	accepted	Echinochloa crus-galli	species
1870	1868	accepted	Echinochloa muricata	species
1871	1085	accepted	Echinodorus	genus
1872	1871	accepted	Echinodorus repens	species
1873	1280	accepted	Echinops	genus
1874	1873	accepted	Echinops exaltatus	species
1875	1873	accepted	Echinops sphaerocephalus	species
1876	1352	accepted	Echium	genus
1877	1876	accepted	Echium vulgare	species
1878	2241	accepted	Egeria	genus
1879	1878	accepted	Egeria densa	species
1880	x6	accepted	Elaeagnaceae	family
1881	1880	accepted	Elaeagnus	genus
1882	1881	accepted	Elaeagnus angustifolia	species
1883	1881	accepted	Elaeagnus commutata	species
1884	1881	accepted	Elaeagnus multiflora	species
1885	x6	accepted	Elatinaceae	family
1886	1885	accepted	Elatine	genus
1887	1886	accepted	Elatine hexandra	species
1888	1886	accepted	Elatine hydropiper	species
1889	1886	accepted	Elatine triandra	species
1890	1792	accepted	Eleocharis	genus
1891	1890	accepted	Eleocharis acicularis	species
1892	1890	accepted	Eleocharis multicaulis	species
3865	1890	accepted	Eleocharis ovata	species
3863	1890	accepted	Eleocharis palustris	species
SYN3863	3863	synonym	Eleocharis palustris palustris	subspecies
SYN3864	3864	synonym	Eleocharis palustris uniglumis	subspecies
1893	1890	accepted	Eleocharis quinqueflora	species
SYN3865	3865	synonym	Eleocharis soloniense	species
3864	1890	accepted	Eleocharis uniglumis	species
4109	4241	accepted	Eleogiton fluitans	species
1894	3732	accepted	Elettaria	genus
1895	1894	accepted	Elettaria cardamomum	species
1896	1894	accepted	Elettaria major	species
1897	2901	accepted	Eleusine	genus
1898	1897	accepted	Eleusine indica	species
1899	2241	accepted	Elodea	genus
1900	1899	accepted	Elodea canadensis	species
1901	1899	accepted	Elodea nuttallii	species
SYN3866	3866	synonym	Elymus	unranked
SYN3867	3867	synonym	Elymus arenarius	species
3739	4242	accepted	Elymus caninus	species
3866	2901	accepted	Elytrigia	genus
3741	3866	accepted	Elytrigia atherica	species
3740	3866	accepted	Elytrigia juncea	species
3867	3866	accepted	Elytrigia maritima	species
3742	3866	accepted	Elytrigia repens	species
1902	x6	accepted	Empetraceae	family
1903	1944	accepted	Empetrum	genus
1904	1903	accepted	Empetrum nigrum	species
1905	2689	accepted	Epilobium	genus
SYN3868	3868	synonym	Epilobium adenocaulon	species
3868	1905	accepted	Epilobium ciliatum	species
1906	1905	accepted	Epilobium hirsutum	species
1907	1905	accepted	Epilobium komarovianum	species
1908	1905	accepted	Epilobium lanceolatum	species
1909	1905	accepted	Epilobium montanum	species
1910	1905	accepted	Epilobium obscurum	species
1911	1905	accepted	Epilobium palustre	species
1912	1905	accepted	Epilobium parviflorum	species
1913	1905	accepted	Epilobium roseum	species
1914	1905	accepted	Epilobium tetragonum	species
SYN3869	3869	synonym	Epilobium tetragonum lamyi	subspecies
3869	2689	accepted	Epilobium tetragonum subsp. lamyi	subspecies
3870	2689	accepted	Epilobium tetragonum subsp. tetragonum	subspecies
SYN3870	3870	synonym	Epilobium tetragonum tetragonum	subspecies
1915	1328	accepted	Epimedium	genus
1916	1915	accepted	Epimedium alpinum	species
1917	2706	accepted	Epipactis	genus
1918	1917	accepted	Epipactis atrorubens	species
1919	1917	accepted	Epipactis helleborine	species
SYN3871	3871	synonym	Epipactis helleborine helleborine	subspecies
SYN3872	3872	synonym	Epipactis helleborine neerlandica	subspecies
3871	2706	accepted	Epipactis helleborine subsp. helleborine	subspecies
3872	2706	accepted	Epipactis helleborine subsp. neerlandica	subspecies
1920	1917	accepted	Epipactis muelleri	species
1921	1917	accepted	Epipactis palustris	species
1922	x6	accepted	Equisetaceae	family
1923	1922	accepted	Equisetum	genus
1932	1923	accepted	Equisetum × litorale	species
1933	1923	accepted	Equisetum × moorei	species
1934	1923	accepted	Equisetum × trachyodon	species
1924	1923	accepted	Equisetum arvense	species
1925	1923	accepted	Equisetum fluviatile	species
1926	1923	accepted	Equisetum hyemale	species
1927	1923	accepted	Equisetum palustre	species
1928	1923	accepted	Equisetum ramosissimum	species
1929	1923	accepted	Equisetum sylvaticum	species
1930	1923	accepted	Equisetum telmateia	species
1931	1923	accepted	Equisetum variegatum	species
1935	2901	accepted	Eragrostis	genus
3874	1935	accepted	Eragrostis minor	species
SYN3873	3873	synonym	Eragrostis multicaulis	species
3873	1935	accepted	Eragrostis pilosa	species
SYN3874	3874	synonym	Eragrostis poaeoides	species
1936	1935	accepted	Eragrostis tef	species
1937	3056	accepted	Eranthis	genus
1938	1937	accepted	Eranthis hyemalis	species
1939	1944	accepted	Erica	genus
1944	x6	accepted	Ericaceae	family
1940	1939	accepted	Erica cinerea	species
1941	1939	accepted	Erica herbacea	species
1942	1939	accepted	Erica scoparia	species
1943	1939	accepted	Erica tetralix	species
1946	1280	accepted	Erigeron	genus
3875	1946	accepted	Erigeron acer	species
SYN3875	3875	synonym	Erigeron acris	species
1947	1946	accepted	Erigeron annuus	species
SYN3876	3876	synonym	Erigeron canadensis	species
1948	1792	accepted	Eriophorum	genus
1949	1948	accepted	Eriophorum angustifolium	species
1950	1948	accepted	Eriophorum gracile	species
1951	1948	accepted	Eriophorum latifolium	species
1952	1948	accepted	Eriophorum vaginatum	species
1953	2098	accepted	Erodium	genus
1955	1953	accepted	Erodium × anaristatum	species
1954	1953	accepted	Erodium cicutarium	species
3877	2098	accepted	Erodium cicutarium subsp. cicutarium	subspecies
3878	2098	accepted	Erodium cicutarium subsp. dunense	subspecies
SYN3879	3879	synonym	Erodium glutinosum	species
3879	1953	accepted	Erodium lebelii	species
1956	3848	accepted	Erophila	genus
1957	1956	accepted	Erophila verna	species
1958	3848	accepted	Eruca	genus
1960	3848	accepted	Erucastrum	genus
1961	1960	accepted	Erucastrum gallicum	species
1959	1958	accepted	Eruca vesicaria	species
1962	1198	accepted	Eryngium	genus
1963	1962	accepted	Eryngium campestre	species
1964	1962	accepted	Eryngium maritimum	species
1965	3848	accepted	Erysimum	genus
1966	1965	accepted	Erysimum cheiranthoides	species
1967	1965	accepted	Erysimum cheiri	species
1968	1965	accepted	Erysimum repandum	species
1969	1965	accepted	Erysimum virgatum	species
1970	2423	accepted	Erythronium	genus
1971	1970	accepted	Erythronium dens-canis	species
1972	2768	accepted	Eschscholzia	genus
1973	1972	accepted	Eschscholzia californica	species
SYN3880	3880	synonym	Eugenia caryophyllea	species
3883	1547	accepted	Euonymus	genus
3884	3883	accepted	Euonymus europaeus	species
1974	1280	accepted	Eupatorium	genus
1975	1974	accepted	Eupatorium cannabinum	species
1976	1991	accepted	Euphorbia	genus
1977	1976	accepted	Euphorbia amygdaloides	species
1991	x6	accepted	Euphorbiaceae	family
1978	1976	accepted	Euphorbia cyparissias	species
1979	1976	accepted	Euphorbia epithymoides	species
1980	1976	accepted	Euphorbia esula	species
SYN3881	3881	synonym	Euphorbia esula esula	subspecies
3881	1991	accepted	Euphorbia esula subsp. esula	subspecies
3882	1991	accepted	Euphorbia esula subsp. tommasiniana	subspecies
SYN3882	3882	synonym	Euphorbia esula tommasiniana	subspecies
1981	1976	accepted	Euphorbia exigua	species
1982	1976	accepted	Euphorbia helioscopia	species
1983	1976	accepted	Euphorbia lathyrus	species
1984	1976	accepted	Euphorbia maculata	species
1985	1976	accepted	Euphorbia palustris	species
1986	1976	accepted	Euphorbia paralias	species
1987	1976	accepted	Euphorbia peplus	species
1988	1976	accepted	Euphorbia platyphyllos	species
1989	1976	accepted	Euphorbia seguieriana	species
1990	1976	accepted	Euphorbia stricta	species
1992	3808	accepted	Euphrasia	genus
1993	1992	accepted	Euphrasia micrantha	species
1994	1992	accepted	Euphrasia nemorosa	species
1995	1992	accepted	Euphrasia rostkoviana	species
1996	1992	accepted	Euphrasia stricta	species
1998	1992	accepted	Euphrasia tetraquetra	species
SYN3883	3883	synonym	Evonymus	unranked
SYN3884	3884	synonym	Evonymus europaeus	species
1999	x6	accepted	Fabaceae	family
2000	x6	accepted	Fagaceae	family
2001	2915	accepted	Fagopyrum	genus
2002	2001	accepted	Fagopyrum esculentum	species
2003	2001	accepted	Fagopyrum tataricum	species
2004	2000	accepted	Fagus	genus
2005	2004	accepted	Fagus sylvatica	species
2006	1198	accepted	Falcaria	genus
2007	2006	accepted	Falcaria vulgaris	species
3789	2915	accepted	Fallopia	genus
4026	3789	accepted	Fallopia convolvulus	species
4028	3789	accepted	Fallopia dumetorum	species
4027	3789	accepted	Fallopia japonica	species
4040	3789	accepted	Fallopia sachalinensis	species
2008	2901	accepted	Festuca	genus
3889	2008	accepted	Festuca arenaria	species
2009	2008	accepted	Festuca arundinacea	species
3885	2008	accepted	Festuca brevipila	species
SYN3885	3885	synonym	Festuca cinerea	species
2010	2008	accepted	Festuca filiformis	species
2011	2008	accepted	Festuca gigantea	species
2012	2008	accepted	Festuca heterophylla	species
2013	2008	accepted	Festuca lemanii	species
3891	2008	accepted	Festuca ovina	species
SYN3886	3886	synonym	Festuca ovina guestphalica	subspecies
SYN3887	3887	synonym	Festuca ovina hirtula	subspecies
SYN3888	3888	synonym	Festuca ovina ovina	subspecies
3886	2901	accepted	Festuca ovina subsp. guestphalica	subspecies
3887	2901	accepted	Festuca ovina subsp. hirtula	subspecies
3888	2901	accepted	Festuca ovina subsp. ovina	subspecies
2014	2008	accepted	Festuca pallens	species
2015	2008	accepted	Festuca pratensis	species
2016	2008	accepted	Festuca rubra	species
SYN3889	3889	synonym	Festuca rubra arenaria	subspecies
SYN3890	3890	synonym	Festuca rubra commutata	subspecies
3890	2901	accepted	Festuca rubra subsp. commutata	subspecies
2017	2008	accepted	Festuca rubra x Vulpia myuros	species
SYN3891	3891	synonym	Festuca tenuifolia	species
SYN3892	3892	synonym	Festulolium loliacea (x-)	species
2018	2901	accepted	x Festulolium	genus
4076	2901	accepted	x Festulpia	genus
4075	4244	accepted	Ficaria verna	species
2020	3056	accepted	Ficaria verna subsp. grandiflora	subspecies
4077	3056	accepted	Ficaria verna subsp. verna	subspecies
2022	4245	accepted	Ficus carica	species
2023	1280	accepted	Filago	genus
3953	2023	accepted	Filago arvensis	species
SYN3893	3893	synonym	Filago germanica	species
2024	2023	accepted	Filago lutescens	species
3954	2023	accepted	Filago minima	species
2025	2023	accepted	Filago pyramidata	species
3893	2023	accepted	Filago vulgaris	species
2026	3139	accepted	Filipendula	genus
2027	2026	accepted	Filipendula ulmaria	species
2028	2026	accepted	Filipendula vulgaris	species
2029	1198	accepted	Foeniculum	genus
2030	2029	accepted	Foeniculum vulgare	species
2031	2686	accepted	Forsythia	genus
2034	2031	accepted	Forsythia × intermedia	species
2032	2031	accepted	Forsythia suspensa	species
2033	2031	accepted	Forsythia viridissima	species
2035	3139	accepted	Fragaria	genus
2038	2035	accepted	Fragaria × ananassa	species
2036	2035	accepted	Fragaria moschata	species
2037	2035	accepted	Fragaria vesca	species
2039	2686	accepted	Fraxinus	genus
2040	2039	accepted	Fraxinus excelsior	species
2041	2039	accepted	Fraxinus ornus	species
2042	2423	accepted	Fritillaria	genus
2043	2042	accepted	Fritillaria imperialis	species
2044	2042	accepted	Fritillaria meleagris	species
2045	2768	accepted	Fumaria	genus
SYN3894	3894	synonym	Fumaria boraei	species
2046	2045	accepted	Fumaria capreolata	species
3894	2045	accepted	Fumaria muralis	species
2047	2045	accepted	Fumaria officinalis	species
3895	2768	accepted	Fumaria officinalis subsp. wirtgenii	subspecies
SYN3895	3895	synonym	Fumaria officinalis wirtgenii	subspecies
2048	2423	accepted	Gagea	genus
2049	2048	accepted	Gagea lutea	species
2050	2048	accepted	Gagea minima	species
2051	2048	accepted	Gagea pratensis	species
2052	2048	accepted	Gagea spathacea	species
2053	2048	accepted	Gagea villosa	species
2054	2423	accepted	Galanthus	genus
2055	2054	accepted	Galanthus caucasicus	species
2056	2054	accepted	Galanthus elwesii	species
2057	2054	accepted	Galanthus ikariae	species
2058	2054	accepted	Galanthus nivalis	species
2059	4246	accepted	Galega officinalis	species
SYN3896	3896	synonym	Galeobdolon luteum	species
2060	2347	accepted	Galeopsis	genus
3897	2060	accepted	Galeopsis angustifolia	species
2061	2060	accepted	Galeopsis bifida	species
3898	2060	accepted	Galeopsis ladanum	species
SYN3897	3897	synonym	Galeopsis ladanum angustifolia	subspecies
SYN3898	3898	synonym	Galeopsis ladanum ladanum	subspecies
2062	2060	accepted	Galeopsis pubescens	species
2063	2060	accepted	Galeopsis segetum	species
2064	2060	accepted	Galeopsis speciosa	species
2065	2060	accepted	Galeopsis tetrahit	species
2066	1280	accepted	Galinsoga	genus
2067	2066	accepted	Galinsoga parviflora	species
2068	2066	accepted	Galinsoga quadriradiata	species
2069	3146	accepted	Galium	genus
2081	2069	accepted	Galium × pomeranicum	species
2070	2069	accepted	Galium aparine	species
2071	2069	accepted	Galium boreale	species
SYN3899	3899	synonym	Galium cruciata	species
3769	2069	accepted	Galium glaucum	species
SYN3900	3900	synonym	Galium hercynicum	species
2072	2069	accepted	Galium mollugo	species
3770	2069	accepted	Galium odoratum	species
2073	2069	accepted	Galium palustre	species
2074	2069	accepted	Galium parisiense	species
2075	2069	accepted	Galium pumilum	species
3900	2069	accepted	Galium saxatile	species
2076	2069	accepted	Galium spurium	species
2077	2069	accepted	Galium sylvaticum	species
2078	2069	accepted	Galium tricornutum	species
2079	2069	accepted	Galium uliginosum	species
2080	2069	accepted	Galium verum	species
2082	1944	accepted	Gaultheria	genus
2083	2082	accepted	Gaultheria shallon	species
2084	1999	accepted	Genista	genus
2085	2084	accepted	Genista anglica	species
2086	2084	accepted	Genista germanica	species
2087	2084	accepted	Genista pilosa	species
2088	2084	accepted	Genista tinctoria	species
2089	2092	accepted	Gentiana	genus
2092	x6	accepted	Gentianaceae	family
2090	2089	accepted	Gentiana cruciata	species
2091	2089	accepted	Gentiana pneumonanthe	species
2093	2092	accepted	Gentianella	genus
2094	2093	accepted	Gentianella amarella	species
2095	2093	accepted	Gentianella campestris	species
2096	2093	accepted	Gentianella germanica	species
2097	4247	accepted	Gentianopsis ciliata	species
2098	x6	accepted	Geraniaceae	family
2099	2098	accepted	Geranium	genus
2100	2099	accepted	Geranium columbinum	species
2101	2099	accepted	Geranium dissectum	species
2102	2099	accepted	Geranium endressii	species
2103	2099	accepted	Geranium lucidum	species
2104	2099	accepted	Geranium macrorrhizum	species
2105	2099	accepted	Geranium molle	species
2106	2099	accepted	Geranium phaeum	species
2107	2099	accepted	Geranium pratense	species
2108	2099	accepted	Geranium purpureum	species
2109	2099	accepted	Geranium pusillum	species
2110	2099	accepted	Geranium pyrenaicum	species
2111	2099	accepted	Geranium robertianum	species
2112	2099	accepted	Geranium rotundifolium	species
2113	2099	accepted	Geranium sanguineum	species
2114	2099	accepted	Geranium sylvaticum	species
2115	3139	accepted	Geum	genus
2119	2115	accepted	Geum × intermedium	species
2116	2115	accepted	Geum macrophyllum	species
2117	2115	accepted	Geum rivale	species
2118	2115	accepted	Geum urbanum	species
2120	2768	accepted	Glaucium	genus
2121	2120	accepted	Glaucium corniculatum	species
2122	2120	accepted	Glaucium flavum	species
2123	2988	accepted	Glaux	genus
2124	2123	accepted	Glaux maritima	species
3835	4248	accepted	Glebionis coronaria	species
2125	2347	accepted	Glechoma	genus
2126	2125	accepted	Glechoma hederacea	species
2127	2901	accepted	Glyceria	genus
2131	2127	accepted	Glyceria × pedicellata	species
3901	2127	accepted	Glyceria declinata	species
2128	2127	accepted	Glyceria fluitans	species
2129	2127	accepted	Glyceria maxima	species
2130	2127	accepted	Glyceria notata	species
SYN3901	3901	synonym	Glyceria notata declinata	subspecies
2132	1999	accepted	Glycine	genus
2133	2132	accepted	Glycine max	species
2134	1280	accepted	Gnaphalium	genus
2135	2134	accepted	Gnaphalium luteo-album	species
2136	2134	accepted	Gnaphalium sylvaticum	species
2137	2134	accepted	Gnaphalium uliginosum	species
2138	2706	accepted	Goodyera	genus
2139	2138	accepted	Goodyera repens	species
2140	2534	accepted	Gossypium	genus
2141	3808	accepted	Gratiola	genus
2142	2141	accepted	Gratiola officinalis	species
2143	2970	accepted	Groenlandia	genus
4047	2143	accepted	Groenlandia densa	species
2144	1280	accepted	Guizotia	genus
2145	2144	accepted	Guizotia abyssinica	species
2146	x6	accepted	Gunneraceae	family
SYN3902	3902	synonym	Guttiferae	unranked
2147	2706	accepted	Gymnadenia	genus
2148	2147	accepted	Gymnadenia conopsea	species
4157	4249	accepted	Gymnocarpium dryopteris	species
4159	4249	accepted	Gymnocarpium robertianum	species
2150	1538	accepted	Gypsophila	genus
2151	2150	accepted	Gypsophila muralis	species
2152	2150	accepted	Gypsophila paniculata	species
2153	x6	accepted	Haloragaceae	family
2154	2706	accepted	Hammarbya	genus
3966	2154	accepted	Hammarbya paludosa	species
2155	1214	accepted	Hedera	genus
2156	2155	accepted	Hedera helix	species
2157	1646	accepted	Helianthemum	genus
2158	2157	accepted	Helianthemum nummularium	species
2159	1280	accepted	Helianthus	genus
2162	2159	accepted	Helianthus × laetiflorus	species
2160	2159	accepted	Helianthus annuus	species
2161	2159	accepted	Helianthus tuberosus	species
2163	1280	accepted	Helichrysum	genus
2164	2163	accepted	Helichrysum arenarium	species
2165	2901	accepted	Helictotrichon	genus
3776	2165	accepted	Helictotrichon pratense	species
3777	2165	accepted	Helictotrichon pubescens	species
2166	3056	accepted	Helleborus	genus
2167	2166	accepted	Helleborus foetidus	species
3903	2166	accepted	Helleborus viridis	species
SYN3903	3903	synonym	Helleborus viridis subsp. occidentalis	subspecies
2168	2423	accepted	Hemerocallis	genus
2169	2168	accepted	Hemerocallis fulva	species
2170	2168	accepted	Hemerocallis lilioasphodelus	species
2171	1198	accepted	Heracleum	genus
2172	2171	accepted	Heracleum mantegazzianum	species
2173	2171	accepted	Heracleum sphondylium	species
2174	2706	accepted	Herminium	genus
2175	2174	accepted	Herminium monorchis	species
2176	1538	accepted	Herniaria	genus
2177	2176	accepted	Herniaria glabra	species
2178	2176	accepted	Herniaria hirsuta	species
2179	3848	accepted	Hesperis	genus
2180	2179	accepted	Hesperis matronalis	species
2181	2534	accepted	Hibiscus	genus
2182	2181	accepted	Hibiscus trionum	species
2183	1280	accepted	Hieracium	genus
2195	1280	accepted	Hieracium (Hieracium)	subgenus
2196	1280	accepted	Hieracium (Pilosella)	subgenus
2199	2183	accepted	Hieracium × brachiatum	species
2200	2183	accepted	Hieracium × flagellare	species
2201	2183	accepted	Hieracium × schultesii	species
2184	2183	accepted	Hieracium amplexicaule	species
2185	2183	accepted	Hieracium aurantiacum	species
SYN3904	3904	synonym	Hieracium auricula	species
SYN3905	3905	synonym	Hieracium bauhinii	species
2186	2183	accepted	Hieracium caespitosum	species
2187	2183	accepted	Hieracium diaphanoides	species
3904	2183	accepted	Hieracium lactucella	species
2188	2183	accepted	Hieracium laevigatum	species
2189	2183	accepted	Hieracium laurinum	species
2190	2183	accepted	Hieracium maculatum	species
3906	2183	accepted	Hieracium murorum	species
2191	2183	accepted	Hieracium peleterianum	species
2192	2183	accepted	Hieracium pilosella	species
2193	2183	accepted	Hieracium praealtum	species
SYN3907	3907	synonym	Hieracium praealtum praealtum	subspecies
3905	1280	accepted	Hieracium praealtum subsp. bauhinii	subspecies
3907	1280	accepted	Hieracium praealtum subsp. praealtum	subspecies
2194	2183	accepted	Hieracium sabaudum	species
2197	2183	accepted	Hieracium umbellatum	species
2198	2183	accepted	Hieracium vulgatum	species
SYN3908	3908	synonym	Hierochloe	unranked
3908	2901	accepted	Hierochloë	genus
SYN3909	3909	synonym	Hierochloe odorata	species
3909	3908	accepted	Hierochloë odorata	species
2202	2706	accepted	Himantoglossum	genus
2203	2202	accepted	Himantoglossum hircinum	species
2204	1999	accepted	Hippocrepis	genus
2205	2204	accepted	Hippocrepis comosa	species
2206	1880	accepted	Hippophae	genus
2207	2206	accepted	Hippophae rhamnoides	species
2208	2877	accepted	Hippuris	genus
2209	2208	accepted	Hippuris vulgaris	species
2210	3848	accepted	Hirschfeldia	genus
2211	2210	accepted	Hirschfeldia incana	species
2212	2901	accepted	Holcus	genus
2213	2212	accepted	Holcus lanatus	species
2214	2212	accepted	Holcus mollis	species
2215	1538	accepted	Holosteum	genus
2216	2215	accepted	Holosteum umbellatum	species
2217	1538	accepted	Honckenya	genus
2218	2217	accepted	Honckenya peploides	species
2219	2901	accepted	Hordelymus	genus
2220	2219	accepted	Hordelymus europaeus	species
2221	2901	accepted	Hordeum	genus
2224	2221	accepted	Hordeum jubatum	species
2225	2221	accepted	Hordeum marinum	species
2226	2221	accepted	Hordeum murinum	species
2227	2221	accepted	Hordeum secalinum	species
2228	2221	accepted	Hordeum vulgare	species
SYN3911	3911	synonym	Hordeum vulgare distichum	subspecies
2229	2901	accepted	Hordeum vulgare f. tetrastichum	form
SYN3912	3912	synonym	Hordeum vulgare spontaneum	subspecies
3911	2901	accepted	Hordeum vulgare subsp. distichum	subspecies
3912	2901	accepted	Hordeum vulgare subsp. spontaneum	subspecies
3913	2901	accepted	Hordeum vulgare subsp. vulgare	subspecies
3914	2901	accepted	Hordeum vulgare subsp. vulgare fo. tetrastichum	infraspecific name
2230	2901	accepted	Hordeum vulgare var. nudum	variety
2231	2901	accepted	Hordeum vulgare var. vulgare	variety
SYN3916	3916	synonym	Hordeum vulgare var. vulgare fo.he	infraspecific name
SYN3917	3917	synonym	Hordeum vulgare var. vulgare fo. te	infraspecific name
3910	2901	accepted	Hordeum vulgare vulgare	subspecies
3916	2901	accepted	Hordeum vulgare vulgare fo. hexastichum	infraspecific name
3917	2901	accepted	Hordeum vulgare vulgare fo. tetrastichum	infraspecific name
2232	2423	accepted	Hosta	genus
2233	2988	accepted	Hottonia	genus
2234	2233	accepted	Hottonia palustris	species
2235	1440	accepted	Humulus	genus
2236	2235	accepted	Humulus lupulus	species
3964	4250	accepted	Huperzia selago	species
2237	2423	accepted	Hyacinthus	genus
2238	2237	accepted	Hyacinthus orientalis	species
2239	2241	accepted	Hydrocharis	genus
2240	2239	accepted	Hydrocharis morsus-ranae	species
2241	x6	accepted	Hydrocharitaceae	family
2242	1198	accepted	Hydrocotyle	genus
2243	2242	accepted	Hydrocotyle vulgaris	species
2244	x6	accepted	Hydrophyllaceae	family
2245	3364	accepted	Hyoscyamus	genus
2246	2245	accepted	Hyoscyamus niger	species
3902	x6	accepted	Hypericaceae	family
2247	3902	accepted	Hypericum	genus
2255	2247	accepted	Hypericum × desetangsii	species
2248	2247	accepted	Hypericum canadense	species
2249	2247	accepted	Hypericum elodes	species
2250	2247	accepted	Hypericum hirsutum	species
2251	2247	accepted	Hypericum humifusum	species
3918	2247	accepted	Hypericum maculatum	species
SYN3919	3919	synonym	Hypericum maculatum maculatum	subspecies
SYN3920	3920	synonym	Hypericum maculatum obtusiusculum	subspecies
3919	3902	accepted	Hypericum maculatum subsp. maculatum	subspecies
3920	3902	accepted	Hypericum maculatum subsp. obtusiusculum	subspecies
2252	2247	accepted	Hypericum montanum	species
2253	2247	accepted	Hypericum perforatum	species
2254	2247	accepted	Hypericum pulchrum	species
SYN3921	3921	synonym	Hypericum quadrangulum	species
3921	2247	accepted	Hypericum tetrapterum	species
2256	1280	accepted	Hypochaeris	genus
2257	2256	accepted	Hypochaeris glabra	species
2258	2256	accepted	Hypochaeris maculata	species
2259	2256	accepted	Hypochaeris radicata	species
SYN3922	3922	synonym	Hypolepidaceae	unranked
2260	2347	accepted	Hyssopus	genus
2261	2260	accepted	Hyssopus officinalis	species
2262	3848	accepted	Iberis	genus
2263	2262	accepted	Iberis amara	species
2264	2262	accepted	Iberis umbellata	species
2265	1204	accepted	Ilex	genus
2266	2265	accepted	Ilex aquifolium	species
2267	1538	accepted	Illecebrum	genus
2268	2267	accepted	Illecebrum verticillatum	species
2269	1316	accepted	Impatiens	genus
2270	2269	accepted	Impatiens balfourii	species
2271	2269	accepted	Impatiens glandulifera	species
2272	2269	accepted	Impatiens noli-tangere	species
2273	2269	accepted	Impatiens parviflora	species
2275	1280	accepted	Inula	genus
2276	2275	accepted	Inula britannica	species
2277	2275	accepted	Inula conyzae	species
2278	2275	accepted	Inula helenium	species
2279	2275	accepted	Inula salicina	species
2280	x6	accepted	Iridaceae	family
2281	2280	accepted	Iris	genus
2282	2281	accepted	Iris foetidissima	species
2283	2281	accepted	Iris pseudacorus	species
2284	3848	accepted	Isatis	genus
2285	2284	accepted	Isatis tinctoria	species
2286	x6	accepted	Isoetaceae	family
2287	2286	accepted	Isoetes	genus
3923	2287	accepted	Isoetes echinospora	species
2288	2287	accepted	Isoetes lacustris	species
SYN3923	3923	synonym	Isoetes setacea	species
4115	4251	accepted	Isolepis setacea	species
2289	1280	accepted	Iva	genus
2290	2289	accepted	Iva xanthifolia	species
2291	1280	accepted	Jacobaea	genus
4127	2291	accepted	Jacobaea aquatica	species
2292	2291	accepted	Jacobaea erucifolia	species
2293	2291	accepted	Jacobaea maritima	species
4131	2291	accepted	Jacobaea paludosa	species
4129	2291	accepted	Jacobaea vulgaris	species
SYN3924	3924	synonym	Jacobaea vulgaris dunensis	subspecies
3924	1280	accepted	Jacobaea vulgaris subsp. dunensis	subspecies
3925	1280	accepted	Jacobaea vulgaris subsp. vulgaris	subspecies
SYN3925	3925	synonym	Jacobaea vulgaris vulgaris	subspecies
2294	1439	accepted	Jasione	genus
2295	2294	accepted	Jasione montana	species
2296	2686	accepted	Jasminum	genus
2297	2296	accepted	Jasminum nudiflorum	species
2298	x6	accepted	Juglandaceae	family
2299	2298	accepted	Juglans	genus
2300	2299	accepted	Juglans regia	species
2301	x6	accepted	Juncaceae	family
2302	x6	accepted	Juncaginaceae	family
2303	2301	accepted	Juncus	genus
3933	2303	accepted	Juncus × kernreichgeltii	species
SYN3933	3933	synonym	Juncus × kern-reichgeltii	species
2304	2303	accepted	Juncus acutiflorus	species
3926	2303	accepted	Juncus alpinoarticulatus	species
3927	2301	accepted	Juncus alpinoarticulatus subsp. alpinoarticulatus	subspecies
3928	2301	accepted	Juncus alpinoarticulatus atricapillus	subspecies
SYN3928	3928	synonym	Juncus alpinoarticulatus subsp. atricapillus	subspecies
3930	2303	accepted	Juncus ambiguus	species
SYN3929	3929	synonym	Juncus arcticus	species
2305	2303	accepted	Juncus articulatus	species
3929	2303	accepted	Juncus balticus	species
2306	2303	accepted	Juncus bufonius	species
SYN3930	3930	synonym	Juncus bufonius ambiguus	subspecies
2307	2303	accepted	Juncus bulbosus	species
2308	2303	accepted	Juncus canadensis	species
2309	2303	accepted	Juncus capitatus	species
2310	2303	accepted	Juncus compressus	species
3932	2303	accepted	Juncus conglomeratus	species
2311	2303	accepted	Juncus effusus	species
2312	2303	accepted	Juncus ensifolius	species
2313	2303	accepted	Juncus filiformis	species
2314	2303	accepted	Juncus foliosus	species
2315	2303	accepted	Juncus gerardii	species
2316	2303	accepted	Juncus inflexus	species
2317	2303	accepted	Juncus maritimus	species
SYN3931	3931	synonym	Juncus mutabilis	species
3931	2303	accepted	Juncus pygmaeus	species
2318	2301	accepted	Juncus sect. Effusa	section botany
2319	2303	accepted	Juncus squarrosus	species
2320	2303	accepted	Juncus subnodulosus	species
SYN3932	3932	synonym	Juncus subuliflorus	species
2321	2303	accepted	Juncus tenageia	species
2322	2303	accepted	Juncus tenuis	species
2323	1774	accepted	Juniperus	genus
2324	2323	accepted	Juniperus communis	species
2326	3808	accepted	Kickxia	genus
3950	2326	accepted	Kickxia elatine	species
3952	2326	accepted	Kickxia spuria	species
2327	1444	accepted	Knautia	genus
2328	2327	accepted	Knautia arvensis	species
2329	2327	accepted	Knautia dipsacifolia	species
2330	2901	accepted	Koeleria	genus
SYN3934	3934	synonym	Koeleria cristata	species
3934	2330	accepted	Koeleria macrantha	species
2331	2330	accepted	Koeleria pyramidata	species
2332	1999	accepted	Laburnum	genus
2334	2332	accepted	Laburnum × watereri	species
2333	2332	accepted	Laburnum anagyroides	species
2335	1280	accepted	Lactuca	genus
2336	2335	accepted	Lactuca saligna	species
2337	2335	accepted	Lactuca sativa	species
2338	2335	accepted	Lactuca serriola	species
2339	1280	accepted	Lactuca serriola f. integrifolia	form
2340	1280	accepted	Lactuca serriola f. serriola	form
2341	2335	accepted	Lactuca tatarica	species
2342	2335	accepted	Lactuca virosa	species
2343	1772	accepted	Lagenaria	genus
2344	2343	accepted	Lagenaria siceraria	species
2345	2901	accepted	Lagurus	genus
2346	2345	accepted	Lagurus ovatus	species
2347	x6	accepted	Lamiaceae	family
2348	2347	accepted	Lamiastrum	genus
SYN3935	3935	synonym	Lamiastrum galeobdolon	species
3935	2347	accepted	Lamiastrum galeobdolon subsp. argentatum	subspecies
3896	2348	accepted	Lamiastrum luteum	species
SYN3936	3936	synonym	Lamiastrum luteum luteum	subspecies
SYN3937	3937	synonym	Lamiastrum luteum montanum	subspecies
3936	2347	accepted	Lamiastrum luteum subsp. luteum	subspecies
3937	2347	accepted	Lamiastrum luteum subsp. montanum	subspecies
2349	2347	accepted	Lamium	genus
2350	2349	accepted	Lamium album	species
2351	2349	accepted	Lamium amplexicaule	species
2352	2349	accepted	Lamium confertum	species
3938	2349	accepted	Lamium hybridum	species
2353	2349	accepted	Lamium maculatum	species
3939	2349	accepted	Lamium purpureum	species
SYN3938	3938	synonym	Lamium purpureum var. incisum	variety
SYN3939	3939	synonym	Lamium purpureum var. purpureum	variety
2354	1352	accepted	Lappula	genus
2355	2354	accepted	Lappula squarrosa	species
2356	1280	accepted	Lapsana	genus
2357	2356	accepted	Lapsana communis	species
2358	2856	accepted	Larix	genus
SYN3940	3940	synonym	Larix × eurolepis	species
3940	2358	accepted	Larix × marschlinsii	species
2359	2358	accepted	Larix decidua	species
2360	2358	accepted	Larix kaempferi	species
2361	1198	accepted	Laser	genus
2362	2361	accepted	Laser trilobum	species
2363	3808	accepted	Lathraea	genus
2364	2363	accepted	Lathraea clandestina	species
2365	2363	accepted	Lathraea squamaria	species
2366	1999	accepted	Lathyrus	genus
2367	2366	accepted	Lathyrus aphaca	species
2368	2366	accepted	Lathyrus hirsutus	species
3941	2366	accepted	Lathyrus japonicus	species
2369	2366	accepted	Lathyrus latifolius	species
2370	2366	accepted	Lathyrus linifolius	species
SYN3941	3941	synonym	Lathyrus maritimus	species
2371	2366	accepted	Lathyrus niger	species
2372	2366	accepted	Lathyrus nissolia	species
2373	2366	accepted	Lathyrus palustris	species
2374	2366	accepted	Lathyrus pratensis	species
2375	2366	accepted	Lathyrus sylvestris	species
2376	2366	accepted	Lathyrus tuberosus	species
2377	4252	accepted	Laurus nobilis	species
2378	4253	accepted	Lavandula officinalis	species
2379	1944	accepted	Ledum	genus
2380	2379	accepted	Ledum groenlandicum	species
2381	2901	accepted	Leersia	genus
2382	2381	accepted	Leersia oryzoides	species
2383	1439	accepted	Legousia	genus
2384	2383	accepted	Legousia hybrida	species
2385	2383	accepted	Legousia speculum-veneris	species
2386	1211	accepted	Lemna	genus
2391	x6	accepted	Lemnaceae	family
2387	2386	accepted	Lemna gibba	species
2388	2386	accepted	Lemna minor	species
SYN3942	3942	synonym	Lemna minuscula	species
3942	2386	accepted	Lemna minuta	species
2389	2386	accepted	Lemna trisulca	species
2390	2386	accepted	Lemna turionifera	species
2392	1999	accepted	Lens	genus
2393	2392	accepted	Lens culinaris	species
2394	x6	accepted	Lentibulariaceae	family
2395	1280	accepted	Leontodon	genus
2396	2395	accepted	Leontodon autumnalis	species
2397	2395	accepted	Leontodon hispidus	species
3943	2395	accepted	Leontodon saxatilis	species
SYN3943	3943	synonym	Leontodon taraxacoides	species
2398	2347	accepted	Leonurus	genus
2399	2398	accepted	Leonurus cardiaca	species
2400	3848	accepted	Lepidium	genus
2401	2400	accepted	Lepidium campestre	species
2402	2400	accepted	Lepidium densiflorum	species
3822	2400	accepted	Lepidium draba	species
2403	2400	accepted	Lepidium graminifolium	species
2404	2400	accepted	Lepidium heterophyllum	species
2405	2400	accepted	Lepidium latifolium	species
2406	2400	accepted	Lepidium neglectum	species
2407	2400	accepted	Lepidium perfoliatum	species
2408	2400	accepted	Lepidium ruderale	species
2409	2400	accepted	Lepidium sativum	species
2410	2400	accepted	Lepidium virginicum	species
2411	1280	accepted	Leucanthemum	genus
3836	2411	accepted	Leucanthemum vulgare	species
2412	2423	accepted	Leucojum	genus
2413	2412	accepted	Leucojum aestivum	species
2414	2412	accepted	Leucojum vernum	species
SYN3944	3944	synonym	Leucorchis	unranked
SYN3945	3945	synonym	Leucorchis albida	species
2415	1198	accepted	Levisticum	genus
2416	2415	accepted	Levisticum officinale	species
2417	4254	accepted	Leycesteria formosa	species
2418	2901	accepted	Leymus	genus
2419	2418	accepted	Leymus arenarius	species
2420	2686	accepted	Ligustrum	genus
2421	2420	accepted	Ligustrum ovalifolium	species
2422	2420	accepted	Ligustrum vulgare	species
2423	x6	accepted	Liliaceae	family
2424	2423	accepted	Lilium	genus
3946	2424	accepted	Lilium bulbiferum	species
SYN3947	3947	synonym	Lilium bulbiferum bulbiferum	subspecies
SYN3948	3948	synonym	Lilium bulbiferum croceum	subspecies
3947	2423	accepted	Lilium bulbiferum subsp. bulbiferum	subspecies
3948	2423	accepted	Lilium bulbiferum subsp. croceum	subspecies
2425	2424	accepted	Lilium martagon	species
2426	x6	accepted	Limnanthaceae	family
2427	2426	accepted	Limnanthes	genus
2428	2427	accepted	Limnanthes alba	species
2429	2427	accepted	Limnanthes douglasii	species
2430	2890	accepted	Limonium	genus
2431	2430	accepted	Limonium humile	species
2432	2430	accepted	Limonium vulgare	species
2433	3808	accepted	Limosella	genus
2434	2433	accepted	Limosella aquatica	species
2435	x6	accepted	Linaceae	family
2436	3808	accepted	Linaria	genus
2437	2436	accepted	Linaria arvensis	species
SYN3949	3949	synonym	Linaria cymbalaria	species
SYN3950	3950	synonym	Linaria elatine	species
SYN3951	3951	synonym	Linaria minor	species
2438	2436	accepted	Linaria purpurea	species
2439	2436	accepted	Linaria repens	species
SYN3952	3952	synonym	Linaria spuria	species
2440	2436	accepted	Linaria supina	species
2441	2436	accepted	Linaria vulgaris	species
2442	1444	accepted	Linnaea	genus
2443	2442	accepted	Linnaea borealis	species
2444	2435	accepted	Linum	genus
2445	2444	accepted	Linum catharticum	species
2446	2444	accepted	Linum usitatissimum	species
2447	2706	accepted	Liparis	genus
2448	2447	accepted	Liparis loeselii	species
2449	2706	accepted	Listera	genus
2450	2449	accepted	Listera cordata	species
2451	2449	accepted	Listera ovata	species
2452	1352	accepted	Lithospermum	genus
2453	1352	accepted	Lithospermum (Buglossoides)	other
3809	2452	accepted	Lithospermum arvense	species
2454	2452	accepted	Lithospermum officinale	species
2455	2877	accepted	Littorella	genus
2456	2455	accepted	Littorella uniflora	species
2457	1439	accepted	Lobelia	genus
2458	2457	accepted	Lobelia dortmanna	species
2459	3848	accepted	Lobularia	genus
2460	2459	accepted	Lobularia maritima	species
SYN3953	3953	synonym	Logfia arvensis	species
SYN3954	3954	synonym	Logfia minima	species
2461	2901	accepted	Lolium	genus
2466	2461	accepted	Lolium × hybridum	species
2462	2461	accepted	Lolium multiflorum	species
2463	2461	accepted	Lolium perenne	species
2464	2461	accepted	Lolium remotum	species
2465	2461	accepted	Lolium temulentum	species
2467	1444	accepted	Lonicera	genus
2468	2467	accepted	Lonicera caprifolium	species
2469	2467	accepted	Lonicera periclymenum	species
2470	2467	accepted	Lonicera tatarica	species
2471	2467	accepted	Lonicera xylosteum	species
2472	1999	accepted	Lotus	genus
3956	2472	accepted	Lotus corniculatus	species
SYN3955	3955	synonym	Lotus corniculatus tenuifolius	subspecies
SYN3956	3956	synonym	Lotus corniculatus var. corniculatus	variety
3955	2472	accepted	Lotus glaber	species
3957	2472	accepted	Lotus pedunculatus	species
SYN3957	3957	synonym	Lotus uliginosus	species
2473	2689	accepted	Ludwigia	genus
2474	2473	accepted	Ludwigia grandiflora	species
2475	2473	accepted	Ludwigia palustris	species
2476	2473	accepted	Ludwigia peploides	species
2477	3848	accepted	Lunaria	genus
2478	2477	accepted	Lunaria annua	species
2479	2477	accepted	Lunaria rediviva	species
2480	1999	accepted	Lupinus	genus
2481	2480	accepted	Lupinus angustifolius	species
2482	2480	accepted	Lupinus luteus	species
2483	2480	accepted	Lupinus polyphyllus	species
2484	1085	accepted	Luronium	genus
2485	2484	accepted	Luronium natans	species
2486	2301	accepted	Luzula	genus
2487	2486	accepted	Luzula campestris	species
2488	2486	accepted	Luzula luzuloides	species
2489	2486	accepted	Luzula multiflora	species
SYN3958	3958	synonym	Luzula multiflora congesta	subspecies
SYN3959	3959	synonym	Luzula multiflora multiflora	subspecies
3958	2301	accepted	Luzula multiflora subsp. congesta	subspecies
3959	2301	accepted	Luzula multiflora subsp. multiflora	subspecies
2490	2486	accepted	Luzula pilosa	species
2491	2486	accepted	Luzula sylvatica	species
2492	1538	accepted	Lychnis	genus
2493	2492	accepted	Lychnis coronaria	species
SYN3960	3960	synonym	Lychnis flos-cuculi	species
SYN3961	3961	synonym	Lychnis viscaria	species
2494	3364	accepted	Lycium	genus
2495	2494	accepted	Lycium barbarum	species
SYN3962	3962	synonym	Lycopersicon esculentum	species
2496	x6	accepted	Lycopodiaceae	family
3963	4255	accepted	Lycopodiella inundata	species
2497	2496	accepted	Lycopodium	genus
2498	2497	accepted	Lycopodium annotinum	species
2499	2497	accepted	Lycopodium clavatum	species
3859	2497	accepted	Lycopodium complanatum	species
SYN3963	3963	synonym	Lycopodium inundatum	species
SYN3964	3964	synonym	Lycopodium selago	species
3860	2497	accepted	Lycopodium tristachyum	species
SYN3965	3965	synonym	Lycopsis arvensis	species
2500	2347	accepted	Lycopus	genus
2501	2500	accepted	Lycopus europaeus	species
2502	4256	accepted	Lysichiton americanus	species
2503	2988	accepted	Lysimachia	genus
2504	2503	accepted	Lysimachia nemorum	species
2505	2503	accepted	Lysimachia nummularia	species
2506	2503	accepted	Lysimachia punctata	species
2507	2503	accepted	Lysimachia thyrsiflora	species
2508	2503	accepted	Lysimachia vulgaris	species
2509	x6	accepted	Lythraceae	family
2510	2509	accepted	Lythrum	genus
2511	2510	accepted	Lythrum hyssopifolia	species
2512	2510	accepted	Lythrum junceum	species
4011	2510	accepted	Lythrum portula	species
2513	2510	accepted	Lythrum salicaria	species
2514	2516	accepted	Magnolia	genus
2515	2514	accepted	Magnolia × soulangeana	species
2516	x6	accepted	Magnoliaceae	family
2517	1328	accepted	Mahonia	genus
2518	2423	accepted	Maianthemum	genus
2519	2518	accepted	Maianthemum bifolium	species
SYN3966	3966	synonym	Malaxis paludosa	species
2520	3848	accepted	Malcolmia	genus
2521	2520	accepted	Malcolmia maritima	species
2522	3139	accepted	Maloidea	genus
2523	3139	accepted	Malus	genus
2524	2523	accepted	Malus domestica	species
2525	2523	accepted	Malus pumila	species
2526	2523	accepted	Malus sylvestris	species
2527	2534	accepted	Malva	genus
2528	2527	accepted	Malva alcea	species
2534	x6	accepted	Malvaceae	family
2529	2527	accepted	Malva moschata	species
3967	2527	accepted	Malva neglecta	species
SYN3967	3967	synonym	Malva neglecta pusilla	infraspecific name
2530	2527	accepted	Malva parviflora	species
2531	2527	accepted	Malva pusilla	species
2532	2527	accepted	Malva sylvestris	species
2533	2527	accepted	Malva verticillata	species
2535	2347	accepted	Marrubium	genus
2536	2535	accepted	Marrubium vulgare	species
2538	x6	accepted	Marsileaceae	family
2537	4257	accepted	Marsilea quadrifolia	species
2539	1280	accepted	Matricaria	genus
3970	2539	accepted	Matricaria chamomilla	species
2540	2539	accepted	Matricaria discoidea	species
SYN3968	3968	synonym	Matricaria maritima	species
SYN3969	3969	synonym	Matricaria maritima subsp. inodora	subspecies
SYN3970	3970	synonym	Matricaria matricarioides	species
2542	4258	accepted	Matteuccia struthiopteris	species
2543	4259	accepted	Meconopsis cambrica	species
2544	1999	accepted	Medicago	genus
2549	2544	accepted	Medicago × varia	species
2545	2544	accepted	Medicago arabica	species
3971	2544	accepted	Medicago falcata	species
SYN3971	3971	synonym	Medicago falcata sativa	infraspecific name
2546	2544	accepted	Medicago lupulina	species
3972	2544	accepted	Medicago minima	species
SYN3972	3972	synonym	Medicago nigra	species
2547	2544	accepted	Medicago polymorpha	species
2548	2544	accepted	Medicago sativa	species
2550	3808	accepted	Melampyrum	genus
2551	2550	accepted	Melampyrum arvense	species
2552	2550	accepted	Melampyrum pratense	species
SYN3973	3973	synonym	Melandrium noctiflorum	species
SYN3974	3974	synonym	Melandrium rubrum	species
2553	2901	accepted	Melica	genus
2554	2553	accepted	Melica ciliata	species
2555	2553	accepted	Melica nutans	species
2556	2553	accepted	Melica uniflora	species
3975	1999	accepted	Melilotus	genus
SYN3975	3975	synonym	Melilotus alba	species
SYN3976	3976	synonym	Melilotus alba /altissima	species
3976	3975	accepted	Melilotus albus	species
3977	3975	accepted	Melilotus altissimus	species
SYN3977	3977	synonym	Melilotus indica	species
2557	3975	accepted	Melilotus indicus	species
2558	3975	accepted	Melilotus officinalis	species
2559	2347	accepted	Melissa	genus
2560	2559	accepted	Melissa officinalis	species
2561	2347	accepted	Mentha	genus
3978	2561	accepted	Mentha × dumetorum	species
SYN3978	3978	synonym	Mentha × gentilis	species
2568	2561	accepted	Mentha × gracilis	species
SYN3979	3979	synonym	Mentha × niliaca	species
3979	2561	accepted	Mentha × piperita	species
2569	2561	accepted	Mentha × rotundifolia	species
2570	2561	accepted	Mentha × verticillata	species
2562	2561	accepted	Mentha aquatica	species
2563	2561	accepted	Mentha arvensis	species
2564	2561	accepted	Mentha longifolia	species
2565	2561	accepted	Mentha pulegium	species
2566	2561	accepted	Mentha spicata	species
2567	2561	accepted	Mentha suaveolens	species
2571	x6	accepted	Menyanthaceae	family
2572	2571	accepted	Menyanthes	genus
2573	2572	accepted	Menyanthes trifoliata	species
2574	1991	accepted	Mercurialis	genus
2575	2574	accepted	Mercurialis annua	species
2576	2574	accepted	Mercurialis perennis	species
2577	3139	accepted	Mespilus	genus
2578	2577	accepted	Mespilus germanica	species
2579	2901	accepted	Mibora	genus
2580	2579	accepted	Mibora minima	species
2581	2901	accepted	Milium	genus
3980	2581	accepted	Milium effusum	species
SYN3980	3980	synonym	Milium scabrum	species
2582	2581	accepted	Milium vernale	species
2583	3808	accepted	Mimulus	genus
2584	2583	accepted	Mimulus guttatus	species
2585	2583	accepted	Mimulus moschatus	species
2586	1538	accepted	Minuartia	genus
2587	2586	accepted	Minuartia hybrida	species
3754	3808	accepted	Misopates	genus
2588	3754	accepted	Misopates orontium	species
2589	1538	accepted	Moehringia	genus
2590	2589	accepted	Moehringia trinervia	species
2591	1538	accepted	Moenchia	genus
2592	2591	accepted	Moenchia erecta	species
2593	2901	accepted	Molinia	genus
2594	2593	accepted	Molinia caerulea	species
2595	1944	accepted	Moneses	genus
2596	2595	accepted	Moneses uniflora	species
2597	1944	accepted	Monotropa	genus
3981	2597	accepted	Monotropa hypopitys	species
SYN3981	3981	synonym	Monotropa hypopitys hypophegea	subspecies
SYN3982	3982	synonym	Monotropa hypopitys hypopitys	subspecies
3982	1944	accepted	Monotropa hypopitys subsp. hypophegea	subspecies
2598	2947	accepted	Monotropa hypopitys subsp. hypopitys	subspecies
3984	2947	accepted	Montia	genus
3983	3984	accepted	Montia fontana	species
SYN3984	3984	synonym	Montia fontana subsp. fontana	subspecies
2599	3984	accepted	Montia minor	species
3989	x6	accepted	Moraceae	family
2600	4260	accepted	Morella caroliniensis	species
2602	4261	accepted	Morus nigra	species
2603	2423	accepted	Muscari	genus
3985	2603	accepted	Muscari armeniacum	species
SYN3985	3985	synonym	Muscari armeniacum botryoides	infraspecific name
2604	2603	accepted	Muscari botryoides	species
2605	2603	accepted	Muscari comosum	species
2606	1280	accepted	Mycelis	genus
2607	2606	accepted	Mycelis muralis	species
2608	1352	accepted	Myosotis	genus
2609	2608	accepted	Myosotis arvensis	species
2610	2608	accepted	Myosotis discolor	species
SYN3986	3986	synonym	Myosotis laxa scorpioides	infraspecific name
3986	1352	accepted	Myosotis laxa subsp. cespitosa	subspecies
2611	2608	accepted	Myosotis ramosissima	species
3987	2608	accepted	Myosotis scorpioides	species
SYN3987	3987	synonym	Myosotis scorpioides nemorosa	subspecies
SYN3988	3988	synonym	Myosotis scorpioides scorpioides	subspecies
3988	1352	accepted	Myosotis scorpioides subsp. nemorosa	subspecies
2612	1352	accepted	Myosotis scorpioides subsp. scorpioides	subspecies
2613	2608	accepted	Myosotis stricta	species
2614	2608	accepted	Myosotis sylvatica	species
2615	3056	accepted	Myosurus	genus
2616	2615	accepted	Myosurus minimus	species
2617	2619	accepted	Myrica	genus
SYN3989	3989	synonym	Myrica caroliniensis	species
2619	x6	accepted	Myricaceae	family
2618	2617	accepted	Myrica gale	species
2620	2153	accepted	Myriophyllum	genus
2621	2620	accepted	Myriophyllum alterniflorum	species
2622	2620	accepted	Myriophyllum heterophyllum	species
2623	2620	accepted	Myriophyllum spicatum	species
2624	2620	accepted	Myriophyllum verticillatum	species
2625	1198	accepted	Myrrhis	genus
2626	2625	accepted	Myrrhis odorata	species
2627	x6	accepted	Myrtaceae	family
2628	4262	accepted	Myrtus communis	species
2629	x6	accepted	Najadaceae	family
2630	2241	accepted	Najas	genus
2631	2630	accepted	Najas marina	species
2632	2630	accepted	Najas minor	species
2633	2423	accepted	Narcissus	genus
2637	2633	accepted	Narcissus × incomparabilis	species
2638	2633	accepted	Narcissus × medioluteus	species
2634	2633	accepted	Narcissus jonquilla	species
2635	2633	accepted	Narcissus poeticus	species
3990	2633	accepted	Narcissus pseudonarcissus	species
SYN3990	3990	synonym	Narcissus pseudonarcissus major	subspecies
SYN3991	3991	synonym	Narcissus pseudonarcissus pseudonarcissus	subspecies
3991	2423	accepted	Narcissus pseudonarcissus subsp. major	subspecies
2636	2423	accepted	Narcissus pseudonarcissus subsp. pseudonarcissus	subspecies
2639	2901	accepted	Nardus	genus
2640	2639	accepted	Nardus stricta	species
2641	2423	accepted	Narthecium	genus
4084	2641	accepted	Narthecium ossifragum	species
4085	4263	accepted	Nasturtium microphyllum	species
4083	4263	accepted	Nasturtium officinale	species
2642	4264	accepted	Nemesia melissaefolia	species
2643	2706	accepted	Neottia	genus
2644	2643	accepted	Neottia nidus-avis	species
2645	2347	accepted	Nepeta	genus
2646	2645	accepted	Nepeta cataria	species
2647	2645	accepted	Nepeta racemosa	species
2648	3848	accepted	Neslia	genus
2649	2648	accepted	Neslia paniculata	species
2650	3364	accepted	Nicandra	genus
2651	2650	accepted	Nicandra physalodes	species
2652	3364	accepted	Nicotiana	genus
2653	2652	accepted	Nicotiana alata	species
2654	2652	accepted	Nicotiana rustica	species
2655	2652	accepted	Nicotiana tabacum	species
2656	3056	accepted	Nigella	genus
2657	2656	accepted	Nigella arvensis	species
2658	2656	accepted	Nigella damascena	species
2660	4265	accepted	Nonea lutea	species
2661	2666	accepted	Nuphar	genus
2662	2661	accepted	Nuphar lutea	species
2663	2666	accepted	Nymphaea	genus
2664	2663	accepted	Nymphaea alba	species
2665	2663	accepted	Nymphaea candida	species
2666	x6	accepted	Nymphaeaceae	family
2667	2571	accepted	Nymphoides	genus
2668	2667	accepted	Nymphoides peltata	species
SYN3992	3992	synonym	Obione pedunculata	species
SYN3993	3993	synonym	Obione portulacoides	species
2669	2347	accepted	Ocimum	genus
2670	2669	accepted	Ocimum basilicum	species
3995	3808	accepted	Odontites	genus
SYN3994	3994	synonym	Odontites litoralis	species
SYN3995	3995	synonym	Odontites verna	species
3994	3995	accepted	Odontites vernus	species
SYN3996	3996	synonym	Odontites vernus serotinus	subspecies
3996	3808	accepted	Odontites vernus subsp. litoralis	subspecies
3997	3808	accepted	Odontites vernus subsp. serotinus	subspecies
2671	3808	accepted	Odontites vernus subsp. vernus	subspecies
SYN3997	3997	synonym	Odontites vernus vernus	subspecies
2672	1198	accepted	Oenanthe	genus
2673	2672	accepted	Oenanthe aquatica	species
2674	2672	accepted	Oenanthe crocata	species
2675	2672	accepted	Oenanthe fistulosa	species
2676	2672	accepted	Oenanthe lachenalii	species
2677	2672	accepted	Oenanthe peucedanifolia	species
2678	2672	accepted	Oenanthe pimpinelloides	species
2679	2672	accepted	Oenanthe silaifolia	species
2680	2689	accepted	Oenothera	genus
3998	2680	accepted	Oenothera biennis	species
SYN3998	3998	synonym	Oenothera biennis erythrosepala	infraspecific name
2681	2680	accepted	Oenothera deflexa	species
2682	2680	accepted	Oenothera glazioviana	species
2683	2680	accepted	Oenothera oakesiana	species
2684	2686	accepted	Olea	genus
2686	x6	accepted	Oleaceae	family
2685	2684	accepted	Olea europaea	species
2687	1352	accepted	Omphalodes	genus
2688	2687	accepted	Omphalodes verna	species
2689	x6	accepted	Onagraceae	family
2690	1999	accepted	Onobrychis	genus
2691	2690	accepted	Onobrychis viciifolia	species
2693	4266	accepted	Onoclea sensibilis	species
2694	1999	accepted	Ononis	genus
3999	2694	accepted	Ononis repens	species
SYN3999	3999	synonym	Ononis repens repens	subspecies
SYN4000	4000	synonym	Ononis repens spinosa	subspecies
4000	1999	accepted	Ononis repens subsp. repens	subspecies
2695	1999	accepted	Ononis repens subsp. spinosa	subspecies
2696	1280	accepted	Onopordum	genus
2697	2696	accepted	Onopordum acanthium	species
2698	x6	accepted	Ophioglossaceae	family
2699	2698	accepted	Ophioglossum	genus
2700	2699	accepted	Ophioglossum azoricurn	species
2701	2699	accepted	Ophioglossum vulgatum	species
2702	2706	accepted	Ophrys	genus
2703	2702	accepted	Ophrys apifera	species
2704	2702	accepted	Ophrys insectifera	species
2705	2702	accepted	Ophrys sphegodes	species
2706	x6	accepted	Orchidaceae	family
2707	2706	accepted	Orchis	genus
2708	2707	accepted	Orchis coriophora	species
SYN4001	4001	synonym	Orchis incarnata	species
SYN4002	4002	synonym	Orchis maculata	species
SYN4003	4003	synonym	Orchis majalis	species
2709	2707	accepted	Orchis mascula	species
2710	2707	accepted	Orchis militaris	species
2711	2707	accepted	Orchis morio	species
SYN4004	4004	synonym	Orchis praetermissa	species
2712	2707	accepted	Orchis purpurea	species
2713	2707	accepted	Orchis simia	species
2714	2707	accepted	Orchis ustulata	species
2715	3498	accepted	Oreopteris	genus
2716	2715	accepted	Oreopteris limbosperma	species
2717	2347	accepted	Origanum	genus
2718	2717	accepted	Origanum majorana	species
2719	2717	accepted	Origanum vulgare	species
2720	1198	accepted	Orlaya	genus
2721	2720	accepted	Orlaya grandiflora	species
2722	2423	accepted	Ornithogalum	genus
2723	2722	accepted	Ornithogalum nutans	species
2724	2722	accepted	Ornithogalum pyramidale	species
4005	2722	accepted	Ornithogalum umbellatum	species
SYN4005	4005	synonym	Ornithogalum umbellatum divergens	subspecies
4006	2423	accepted	Ornithogalum umbellatum subsp. campestre	subspecies
2725	2423	accepted	Ornithogalum umbellatum subsp. umbellatum	subspecies
SYN4006	4006	synonym	Ornithogalum umbellatum umbellatum	subspecies
2726	1999	accepted	Ornithopus	genus
2727	2726	accepted	Ornithopus perpusillus	species
2728	2726	accepted	Ornithopus sativus	species
2729	x6	accepted	Orobanchaceae	family
2730	2729	accepted	Orobanche	genus
4007	2730	accepted	Orobanche caryophyllacea	species
2731	2730	accepted	Orobanche elatior	species
2732	2730	accepted	Orobanche hederae	species
2733	2730	accepted	Orobanche lutea	species
SYN4007	4007	synonym	Orobanche major	species
2734	2730	accepted	Orobanche minor	species
2735	2730	accepted	Orobanche picridis	species
2736	2730	accepted	Orobanche purpurea	species
2737	2730	accepted	Orobanche ramosa	species
2738	2730	accepted	Orobanche rapum-genistae	species
2739	2730	accepted	Orobanche reticulata	species
2740	1944	accepted	Orthilia	genus
2741	2740	accepted	Orthilia secunda	species
2742	2901	accepted	Oryza	genus
2743	2742	accepted	Oryza sativa	species
2746	x6	accepted	Osmundaceae	family
2745	4267	accepted	Osmunda regalis	species
2747	x6	accepted	Oxalidaceae	family
2748	2747	accepted	Oxalis	genus
2749	2748	accepted	Oxalis acetosella	species
2750	2748	accepted	Oxalis corniculata	species
2751	2748	accepted	Oxalis dillenii	species
2752	2748	accepted	Oxalis stricta	species
2753	1391	accepted	Pachysandra	genus
2754	2753	accepted	Pachysandra terminalis	species
2755	2901	accepted	Panicum	genus
2756	2755	accepted	Panicum capillare	species
2757	2755	accepted	Panicum dichotomiflorum	species
2758	2755	accepted	Panicum miliaceum	species
2759	2755	accepted	Panicum schinzii	species
2760	2768	accepted	Papaver	genus
2767	2760	accepted	Papaver × exspectatum	species
2768	x6	accepted	Papaveraceae	family
2761	2760	accepted	Papaver argemone	species
2762	2760	accepted	Papaver atlanticum	species
2763	2760	accepted	Papaver dubium	species
2764	2760	accepted	Papaver orientale	species
2765	2760	accepted	Papaver rhoeas	species
4008	2760	accepted	Papaver somniferum	species
SYN4008	4008	synonym	Papaver somniferum setigerum	subspecies
SYN4009	4009	synonym	Papaver somniferum somniferum	subspecies
4009	2768	accepted	Papaver somniferum subsp. setigerum	subspecies
2766	2768	accepted	Papaver somniferum subsp. somniferum	subspecies
2769	2901	accepted	Parapholis	genus
2770	2769	accepted	Parapholis strigosa	species
2771	3808	accepted	Parentucellia	genus
2772	2771	accepted	Parentucellia viscosa	species
2773	3602	accepted	Parietaria	genus
2774	2773	accepted	Parietaria judaica	species
2775	2773	accepted	Parietaria officinalis	species
2776	2423	accepted	Paris	genus
2777	2776	accepted	Paris quadrifolia	species
2778	3246	accepted	Parnassia	genus
2779	2778	accepted	Parnassia palustris	species
2780	3710	accepted	Parthenocissus	genus
2781	2780	accepted	Parthenocissus inserta	species
2782	2780	accepted	Parthenocissus quinquefolia	species
2783	2780	accepted	Parthenocissus tricuspidata	species
2784	1198	accepted	Pastinaca	genus
4010	2784	accepted	Pastinaca sativa	species
2785	1198	accepted	Pastinaca sativa subsp. urens	subspecies
SYN4010	4010	synonym	Pastinaca sativa urens	subspecies
2786	4268	accepted	Paulownia tomentosa	species
2787	x6	accepted	Pedaliaceae	family
2788	3808	accepted	Pedicularis	genus
2789	2788	accepted	Pedicularis palustris	species
2790	2788	accepted	Pedicularis sylvatica	species
2791	1352	accepted	Pentaglottis	genus
2792	2791	accepted	Pentaglottis sempervirens	species
SYN4011	4011	synonym	Peplis portula	species
4024	2915	accepted	Persicaria	genus
4025	4024	accepted	Persicaria amphibia	species
2793	4024	accepted	Persicaria bistorta	species
4029	4024	accepted	Persicaria capitata	species
4030	4024	accepted	Persicaria hydropiper	species
4031	4024	accepted	Persicaria lapathifolia	species
4032	2915	accepted	Persicaria lapathifolia subsp. brittingeri	subspecies
4033	2915	accepted	Persicaria lapathifolia subsp. lapathifolium	subspecies
4034	2915	accepted	Persicaria lapathifolia subsp. mesomorphum	subspecies
4035	2915	accepted	Persicaria lapathifolia subsp. pallidum	subspecies
4037	4024	accepted	Persicaria maculosa	species
4036	4024	accepted	Persicaria minor	species
2794	4024	accepted	Persicaria mitis	species
4039	4024	accepted	Persicaria pensylvanica	species
2795	4024	accepted	Persicaria wallichii	species
2796	1280	accepted	Petasites	genus
2797	2796	accepted	Petasites albus	species
2798	2796	accepted	Petasites hybridus	species
2799	2796	accepted	Petasites japonicus	species
4165	1538	accepted	Petrorhagia	genus
2800	4165	accepted	Petrorhagia prolifera	species
2801	4165	accepted	Petrorhagia saxifraga	species
2802	1198	accepted	Petroselinum	genus
2803	2802	accepted	Petroselinum crispum	species
2804	2802	accepted	Petroselinum segetum	species
2805	1198	accepted	Peucedanum	genus
2806	2805	accepted	Peucedanum carvifolia	species
2807	2805	accepted	Peucedanum officinale	species
2808	2805	accepted	Peucedanum palustre	species
2809	2244	accepted	Phacelia	genus
2810	2809	accepted	Phacelia tanacetifolia	species
2811	2901	accepted	Phalaris	genus
2812	2811	accepted	Phalaris arundinacea	species
2813	2811	accepted	Phalaris canariensis	species
2814	1999	accepted	Phaseolus	genus
2815	2814	accepted	Phaseolus coccineus	species
2816	2814	accepted	Phaseolus vulgaris	species
4158	3498	accepted	Phegopteris	genus
2817	4158	accepted	Phegopteris connectilis	species
2818	3179	accepted	Phellodendron	genus
2819	2818	accepted	Phellodendron elegans	species
2821	4269	accepted	Philadelphus coronarius	species
2822	4269	accepted	Philadelphus microphyllus	species
2823	4269	accepted	Philadelphus pubescens	species
2824	2901	accepted	Phleum	genus
2825	2824	accepted	Phleum arenarium	species
4012	2824	accepted	Phleum pratense	species
SYN4012	4012	synonym	Phleum pratense pratense	subspecies
SYN4013	4013	synonym	Phleum pratense serotinum	subspecies
4013	2901	accepted	Phleum pratense subsp. pratense	subspecies
2826	2901	accepted	Phleum pratense subsp. serotinum	subspecies
2827	1222	accepted	Phoenix	genus
2828	2827	accepted	Phoenix dactylifera	species
2829	2901	accepted	Phragmites	genus
2830	2829	accepted	Phragmites australis	species
2831	3364	accepted	Physalis	genus
2832	2831	accepted	Physalis alkekengi	species
2833	3139	accepted	Physocarpus	genus
2834	2833	accepted	Physocarpus opulifolius	species
4014	1439	accepted	Phyteuma	genus
4015	4014	accepted	Phyteuma spicatum	species
SYN4015	4015	synonym	Phyteuma spicatum nigrum	subspecies
SYN4016	4016	synonym	Phyteuma spicatum spicatum	subspecies
4016	1439	accepted	Phyteuma spicatum subsp. nigrum	subspecies
2835	1439	accepted	Phyteuma spicatum subsp. spicatum	subspecies
2836	2839	accepted	Phytolacca	genus
2837	2836	accepted	Phytolacca americana	species
2839	x6	accepted	Phytolaccaceae	family
2838	2836	accepted	Phytolacca esculenta	species
2840	2856	accepted	Picea	genus
2841	2840	accepted	Picea abies	species
2842	2840	accepted	Picea omorika	species
2843	2840	accepted	Picea orientalis	species
2844	2840	accepted	Picea pungens	species
2845	2840	accepted	Picea sitchensis	species
2846	1280	accepted	Picris	genus
2847	2846	accepted	Picris echioides	species
2848	2846	accepted	Picris hieracioides	species
2850	4270	accepted	Pilularia globulifera	species
2851	4271	accepted	Pimenta dioica	species
2852	1198	accepted	Pimpinella	genus
2853	2852	accepted	Pimpinella anisum	species
2854	2852	accepted	Pimpinella major	species
2855	2852	accepted	Pimpinella saxifraga	species
2856	x6	accepted	Pinaceae	family
2857	2394	accepted	Pinguicula	genus
2858	2857	accepted	Pinguicula vulgaris	species
2859	2856	accepted	Pinus	genus
2860	2859	accepted	Pinus banksiana	species
2861	2859	accepted	Pinus contorta	species
2862	2859	accepted	Pinus mugo	species
2863	2859	accepted	Pinus nigra	species
2864	2856	accepted	Pinus nigra var. maritima	variety
2865	2856	accepted	Pinus nigra var. nigra	variety
2866	2859	accepted	Pinus pinaster	species
2867	2859	accepted	Pinus pinea	species
2868	2859	accepted	Pinus rigida	species
2869	2859	accepted	Pinus strobus	species
2870	2859	accepted	Pinus sylvestris	species
2871	2873	accepted	Piper	genus
2873	x6	accepted	Piperaceae	family
2872	2871	accepted	Piper nigrum	species
2874	1999	accepted	Pisum	genus
2875	2874	accepted	Pisum sativum	species
SYN2875	2875	synonym	Pisum sativum sativum	subspecies
2876	1999	accepted	Pisum sativum subsp. sativum	subspecies
x4		accepted	Plantae	kingdom
2877	x6	accepted	Plantaginaceae	family
2878	2877	accepted	Plantago	genus
2879	2878	accepted	Plantago arenaria	species
2880	2878	accepted	Plantago coronopus	species
2881	2878	accepted	Plantago lanceolata	species
4019	2878	accepted	Plantago major	species
SYN4018	4018	synonym	Plantago major major	subspecies
SYN4019	4019	synonym	Plantago major pleiosperma	subspecies
4018	2877	accepted	Plantago major subsp. intermedia	subspecies
2882	2877	accepted	Plantago major subsp. major	subspecies
2883	2878	accepted	Plantago maritima	species
2884	2878	accepted	Plantago media	species
2885	x6	accepted	Platanaceae	family
2886	2706	accepted	Platanthera	genus
4020	2886	accepted	Platanthera bifolia	species
SYN4020	4020	synonym	Platanthera bifolia chlorantha	infraspecific name
2887	2886	accepted	Platanthera montana	species
4021	2885	accepted	Platanus	genus
SYN4021	4021	synonym	Platanus × hybrida	species
2888	4021	accepted	Platanus hispanica	species
2889	4021	accepted	Platanus orientalis	species
2890	x6	accepted	Plumbaginaceae	family
4023	2901	accepted	Poa	genus
4022	4023	accepted	Poa angustifolia	species
2891	4023	accepted	Poa annua	species
2892	4023	accepted	Poa bulbosa	species
2893	2901	accepted	Poa bulbosa var. bulbosa	variety
2894	2901	accepted	Poa bulbosa var. vivipara	variety
2901	x6	accepted	Poaceae	family
2895	4023	accepted	Poa chaixii	species
2896	4023	accepted	Poa compressa	species
2897	4023	accepted	Poa nemoralis	species
2898	4023	accepted	Poa palustris	species
2899	4023	accepted	Poa pratensis	species
SYN4023	4023	synonym	Poa pratensis angustifolia	subspecies
2900	4023	accepted	Poa trivialis	species
2902	x6	accepted	Polemoniaceae	family
2903	2902	accepted	Polemonium	genus
2904	2903	accepted	Polemonium caeruleum	species
2905	1120	accepted	Polycnemum	genus
2906	2905	accepted	Polycnemum arvense	species
2907	2905	accepted	Polycnemum majus	species
2908	2914	accepted	Polygala	genus
2914	x6	accepted	Polygalaceae	family
2909	2908	accepted	Polygala comosa	species
2910	2908	accepted	Polygala serpyllifolia	species
2911	2908	accepted	Polygala vulgaris	species
2912	2914	accepted	Polygala vulgaris var. dunensis	variety
2913	2914	accepted	Polygala vulgaris var. vulgaris	variety
2915	x6	accepted	Polygonaceae	family
2916	2423	accepted	Polygonatum	genus
2920	2916	accepted	Polygonatum × hybridum	species
2917	2916	accepted	Polygonatum multiflorum	species
2918	2916	accepted	Polygonatum odoratum	species
2919	2916	accepted	Polygonatum verticillatum	species
2921	2915	accepted	Polygonum	genus
SYN4024	4024	synonym	Polygonum amphibium	species
2922	2921	accepted	Polygonum aviculare	species
SYN4025	4025	synonym	Polygonum bistorta	species
SYN4026	4026	synonym	Polygonum convolvulus	species
SYN4027	4027	synonym	Polygonum cuspidatum	species
SYN4028	4028	synonym	Polygonum dumetorum	species
SYN4029	4029	synonym	Polygonum hydropiper	species
SYN4030	4030	synonym	Polygonum hydropiper /lapathifolium	species
SYN4035	4035	synonym	Polygonum lapathifolium /persicaria	species
SYN4031	4031	synonym	Polygonum lapathifolium brittingeri	subspecies
SYN4032	4032	synonym	Polygonum lapathifolium lapathifolium	subspecies
SYN4033	4033	synonym	Polygonum lapathifolium mesomorphum	subspecies
SYN4034	4034	synonym	Polygonum lapathifolium pallidum	subspecies
4038	2921	accepted	Polygonum maritimum	species
SYN4036	4036	synonym	Polygonum minus /mite	species
SYN4037	4037	synonym	Polygonum minus /persicaria	species
2923	2921	accepted	Polygonum oxyspermum	species
SYN4038	4038	synonym	Polygonum oxyspermum subsp. raii	subspecies
SYN4039	4039	synonym	Polygonum polystachyum	species
SYN4040	4040	synonym	Polygonum sachalinense	species
2924	2921	accepted	Polygonum viviparum	species
2925	x6	accepted	Polypodiaceae	family
2926	2925	accepted	Polypodium	genus
4041	2926	accepted	Polypodium interjectum	species
2927	2926	accepted	Polypodium vulgare	species
SYN4041	4041	synonym	Polypodium vulgare morph interjectum	morph
2928	2901	accepted	Polypogon	genus
2929	2928	accepted	Polypogon monspeliensis	species
2930	2928	accepted	Polypogon viridis	species
2931	1859	accepted	Polystichum	genus
4043	2931	accepted	Polystichum aculeatum	species
SYN4042	4042	synonym	Polystichum aculeatum angulare	subspecies
4042	2931	accepted	Polystichum lonchitis	species
2932	2931	accepted	Polystichum setiferum	species
SYN4043	4043	synonym	Polystichum setiferum morph aculeatum	morph
2933	2935	accepted	Pontederia	genus
2935	x6	accepted	Pontederiaceae	family
2934	2933	accepted	Pontederia cordata	species
2936	3189	accepted	Populus	genus
4044	2936	accepted	Populus × canadensis	species
2944	2936	accepted	Populus × canescens	species
2937	2936	accepted	Populus alba	species
2938	2936	accepted	Populus balsamifera	species
SYN4044	4044	synonym	Populus canescens	species
2939	2936	accepted	Populus deltoides	species
2940	2936	accepted	Populus nigra	species
2941	3189	accepted	Populus nigra cv.	cultivar
2942	2936	accepted	Populus tremula	species
2943	2936	accepted	Populus trichocarpa	species
2945	2947	accepted	Portulaca	genus
2947	x6	accepted	Portulacaceae	family
4045	2945	accepted	Portulaca oleracea	species
SYN4045	4045	synonym	Portulaca oleracea oleracea	subspecies
SYN4046	4046	synonym	Portulaca oleracea sativa	subspecies
4046	2947	accepted	Portulaca oleracea subsp. oleracea	subspecies
2946	2947	accepted	Portulaca oleracea subsp. sativa	subspecies
2948	2970	accepted	Potamogeton	genus
2966	2948	accepted	Potamogeton × angustifolius	species
2967	2948	accepted	Potamogeton × decipiens	species
2968	2948	accepted	Potamogeton × fluitans	species
2969	2948	accepted	Potamogeton × sparganifolius	species
2970	x6	accepted	Potamogetonaceae	family
2949	2948	accepted	Potamogeton acutifolius	species
2950	2948	accepted	Potamogeton alpinus	species
4050	2948	accepted	Potamogeton berchtoldii	species
2951	2948	accepted	Potamogeton coloratus	species
2952	2948	accepted	Potamogeton compressus	species
2953	2948	accepted	Potamogeton crispus	species
SYN4047	4047	synonym	Potamogeton densus	species
2954	2948	accepted	Potamogeton filiformis	species
SYN4048	4048	synonym	Potamogeton friesii	species
2955	2948	accepted	Potamogeton gramineus	species
4048	2948	accepted	Potamogeton lucens	species
2956	2948	accepted	Potamogeton mucronatus	species
2957	2948	accepted	Potamogeton natans	species
2958	2948	accepted	Potamogeton nodosus	species
2959	2948	accepted	Potamogeton obtusifolius	species
SYN4049	4049	synonym	Potamogeton panormitanus	species
2960	2948	accepted	Potamogeton pectinatus	species
2961	2948	accepted	Potamogeton perfoliatus	species
2962	2948	accepted	Potamogeton polygonifolius	species
4049	2948	accepted	Potamogeton praelongus	species
2963	2948	accepted	Potamogeton pusillus	species
SYN4050	4050	synonym	Potamogeton pusillus berchtoldii	infraspecific name
2964	2948	accepted	Potamogeton trichoides	species
2965	2948	accepted	Potamogeton vaginatus	species
2971	3139	accepted	Potentilla	genus
2983	2971	accepted	Potentilla × suberecta	species
2972	2971	accepted	Potentilla anglica	species
2973	2971	accepted	Potentilla anserina	species
2974	2971	accepted	Potentilla argentea	species
2975	2971	accepted	Potentilla erecta	species
2976	2971	accepted	Potentilla indica	species
2977	2971	accepted	Potentilla intermedia	species
2978	2971	accepted	Potentilla norvegica	species
SYN4051	4051	synonym	Potentilla palustris	species
2979	2971	accepted	Potentilla recta	species
2980	2971	accepted	Potentilla reptans	species
2981	2971	accepted	Potentilla sterilis	species
4052	2971	accepted	Potentilla supina	species
2982	2971	accepted	Potentilla tabernaemontani	species
SYN4052	4052	synonym	Potentilla verna	species
2984	2988	accepted	Primula	genus
2988	x6	accepted	Primulaceae	family
2985	2984	accepted	Primula elatior	species
2986	2984	accepted	Primula veris	species
2987	2984	accepted	Primula vulgaris	species
2989	2153	accepted	Proserpinaca	genus
2990	2347	accepted	Prunella	genus
2991	2990	accepted	Prunella vulgaris	species
2992	3139	accepted	Prunus	genus
2993	2992	accepted	Prunus americana	species
2994	2992	accepted	Prunus armeniaca	species
2995	2992	accepted	Prunus avium	species
2996	2992	accepted	Prunus cerasifera	species
2997	2992	accepted	Prunus cerasus	species
2998	2992	accepted	Prunus domestica	species
SYN4053	4053	synonym	Prunus domestica 1	species
SYN4054	4054	synonym	Prunus domestica 10	species
SYN4055	4055	synonym	Prunus domestica 11	species
SYN4056	4056	synonym	Prunus domestica 12	species
SYN4057	4057	synonym	Prunus domestica 13	species
SYN4058	4058	synonym	Prunus domestica 2	species
SYN4059	4059	synonym	Prunus domestica 3	species
SYN4060	4060	synonym	Prunus domestica 4	species
SYN4061	4061	synonym	Prunus domestica 5	species
SYN4062	4062	synonym	Prunus domestica 5a	species
SYN4063	4063	synonym	Prunus domestica 5b	species
SYN4064	4064	synonym	Prunus domestica 6	species
SYN4065	4065	synonym	Prunus domestica 6/12	species
SYN4066	4066	synonym	Prunus domestica 7	species
SYN4067	4067	synonym	Prunus domestica 8	species
SYN4068	4068	synonym	Prunus domestica 9	species
2999	3139	accepted	Prunus domestica cv. pershore	cultivar
4069	3139	accepted	Prunus domestica cv. tonneboer	cultivar
SYN4069	4069	synonym	Prunus domestica domestica	subspecies
SYN4070	4070	synonym	Prunus domestica insititia	subspecies
3000	3139	accepted	Prunus domestica intermedia	subspecies
3001	3139	accepted	Prunus domestica italica	subspecies
4054	3139	accepted	Prunus domestica subsp. domestica	subspecies
4066	3139		Prunus domestica subsp. domestica (Gro-10)	infraspecific name
4067	3139		Prunus domestica subsp. domestica (Gro-7)	infraspecific name
4068	3139		Prunus domestica subsp. domestica (Gro-8)	infraspecific name
4070	3139		Prunus domestica subsp. domestica (Gro-9)	infraspecific name
4053	3139	accepted	Prunus domestica subsp. insititia	subspecies
4055	3139		Prunus domestica subsp. insititia (Gro-1)	infraspecific name
4056	3139		Prunus domestica subsp. insititia (Gro-11)	infraspecific name
4057	3139		Prunus domestica subsp. insititia (Gro-12)	infraspecific name
4058	3139		Prunus domestica subsp. insititia (Gro-13)	infraspecific name
4059	3139		Prunus domestica subsp. insititia (Gro-2)	infraspecific name
4060	3139		Prunus domestica subsp. insititia (Gro-3)	infraspecific name
4061	3139		Prunus domestica subsp. insititia (Gro-4)	infraspecific name
4062	3139		Prunus domestica subsp. insititia (Gro-5)	infraspecific name
4063	3139		Prunus domestica subsp. insititia (Gro-5a)	infraspecific name
4064	3139		Prunus domestica subsp. insititia (Gro-5b)	infraspecific name
4065	3139		Prunus domestica subsp. insititia (Gro-6)	infraspecific name
3002	3139	accepted	Prunus domestica syriaca	subspecies
3003	2992	accepted	Prunus dulcis	species
3004	2992	accepted	Prunus laurocerasus	species
3005	2992	accepted	Prunus mahaleb	species
3006	2992	accepted	Prunus padus	species
3007	2992	accepted	Prunus persica	species
3008	2992	accepted	Prunus serotina	species
3009	2992	accepted	Prunus spinosa	species
3010	2768	accepted	Pseudofumaria	genus
3011	3010	accepted	Pseudofumaria alba	species
3944	3010	accepted	Pseudofumaria lutea	species
3945	2706	accepted	Pseudorchis	genus
3012	3945	accepted	Pseudorchis albida	species
3013	3765	accepted	Pseudosasa japonica	species
3765	2901	accepted	Pseudosasa	genus
3014	2856	accepted	Pseudotsuga	genus
3015	3014	accepted	Pseudotsuga menziesii	species
3016	3922	accepted	Pteridium	genus
3017	3016	accepted	Pteridium aquilinum	species
3018	4272	accepted	Pteris cretica	species
3019	2298	accepted	Pterocarya	genus
3020	2901	accepted	Puccinellia	genus
3021	3020	accepted	Puccinellia distans	species
SYN4071	4071	synonym	Puccinellia distans borealis	subspecies
SYN4072	4072	synonym	Puccinellia distans distans	subspecies
4071	2901	accepted	Puccinellia distans subsp. borealis	subspecies
4072	2901	accepted	Puccinellia distans subsp. distans	subspecies
3022	3020	accepted	Puccinellia fasciculata	species
3023	3020	accepted	Puccinellia maritima	species
3024	3020	accepted	Puccinellia rupestris	species
3025	2347	accepted	Pulegium	genus
3026	1280	accepted	Pulicaria	genus
3027	3026	accepted	Pulicaria dysenterica	species
3028	3026	accepted	Pulicaria vulgaris	species
3029	1352	accepted	Pulmonaria	genus
SYN4073	4073	synonym	Pulmonaria angustifolia	species
4073	3029	accepted	Pulmonaria montana	species
3030	3029	accepted	Pulmonaria obscura	species
3031	3029	accepted	Pulmonaria officinalis	species
3032	3056	accepted	Pulsatilla	genus
3033	3032	accepted	Pulsatilla vulgaris	species
3034	2509	accepted	Punica	genus
3035	3034	accepted	Punica granatum	species
3036	2423	accepted	Puschkinia	genus
3037	3036	accepted	Puschkinia scilloides	species
3038	4273	accepted	Pyracantha coccinea	species
3039	1944	accepted	Pyrola	genus
3042	x6	accepted	Pyrolaceae	family
3040	3039	accepted	Pyrola minor	species
3041	3039	accepted	Pyrola rotundifolia	species
3043	3139	accepted	Pyrus	genus
3044	3043	accepted	Pyrus communis	species
3045	3043	accepted	Pyrus pyraster	species
3046	2000	accepted	Quercus	genus
3053	3046	accepted	Quercus × rosacea	species
3047	3046	accepted	Quercus cerris	species
3048	3046	accepted	Quercus palustris	species
3049	3046	accepted	Quercus petraea	species
3050	3046	accepted	Quercus pubescens	species
3051	3046	accepted	Quercus robur	species
3052	3046	accepted	Quercus rubra	species
3054	2435	accepted	Radiola	genus
3055	3054	accepted	Radiola linoides	species
3056	x6	accepted	Ranunculaceae	family
3057	3056	accepted	Ranunculus	genus
3782	3056	accepted	Ranunculus (Batrachium)	subgenus
3081	3056	accepted	Ranunculus (Ranunculus)	subgenus
3058	3057	accepted	Ranunculus acris	species
3060	3057	accepted	Ranunculus aquatilis	species
SYN4074	4074	synonym	Ranunculus aquatilis peltatus	subspecies
3061	3056	accepted	Ranunculus aquatilis var. aquatilis	variety
3062	3056	accepted	Ranunculus aquatilis var. diffusus	variety
3063	3057	accepted	Ranunculus arvensis	species
3064	3057	accepted	Ranunculus auricomus	species
3065	3057	accepted	Ranunculus baudotii	species
3066	3057	accepted	Ranunculus bulbosus	species
3067	3057	accepted	Ranunculus circinatus	species
SYN4075	4075	synonym	Ranunculus ficaria	species
SYN4076	4076	synonym	Ranunculus ficaria bulbilifer	subspecies
SYN4077	4077	synonym	Ranunculus ficaria ficaria	subspecies
3068	3057	accepted	Ranunculus flammula	species
3069	3057	accepted	Ranunculus fluitans	species
3070	3057	accepted	Ranunculus hederaceus	species
3071	3057	accepted	Ranunculus hyperboreus	species
3072	3057	accepted	Ranunculus lingua	species
3073	3057	accepted	Ranunculus ololeucos	species
4074	3057	accepted	Ranunculus peltatus	species
3074	3056	accepted	Ranunculus peltatus var. heterophyllus	variety
3075	3056	accepted	Ranunculus peltatus var. peltatus	variety
3076	3057	accepted	Ranunculus polyanthemos	species
SYN4078	4078	synonym	Ranunculus polyanthemos nemorosus	subspecies
SYN4079	4079	synonym	Ranunculus polyanthemos polyanthemoides	subspecies
4078	3056	accepted	Ranunculus polyanthemos subsp. nemorosus	subspecies
4079	3056	accepted	Ranunculus polyanthemos subsp. polyanthemoides	subspecies
3077	3057	accepted	Ranunculus repens	species
3078	3057	accepted	Ranunculus sardous	species
3079	3057	accepted	Ranunculus sceleratus	species
3080	3056	accepted	Ranunculus sect. Flammula	section botany
3082	3057	accepted	Ranunculus tripartitus	species
3083	3848	accepted	Raphanus	genus
3084	3083	accepted	Raphanus raphanistrum	species
3085	3083	accepted	Raphanus sativus	species
3086	3848	accepted	Rapistrum	genus
3087	3086	accepted	Rapistrum rugosum	species
3088	3092	accepted	Reseda	genus
3089	3088	accepted	Reseda alba	species
3092	x6	accepted	Resedaceae	family
3090	3088	accepted	Reseda lutea	species
3091	3088	accepted	Reseda luteola	species
3093	x6	accepted	Rhamnaceae	family
3094	3093	accepted	Rhamnus	genus
4080	3094	accepted	Rhamnus cathartica	species
SYN4080	4080	synonym	Rhamnus catharticus	species
3095	3094	accepted	Rhamnus frangula	species
3096	2915	accepted	Rheum	genus
SYN4081	4081	synonym	Rheum × hybridum	species
4081	3096	accepted	Rheum rhabarbarum x rhaponticum	species
3097	3808	accepted	Rhinanthus	genus
3098	3097	accepted	Rhinanthus alectorolophus	species
4082	3097	accepted	Rhinanthus angustifolius	species
3099	3097	accepted	Rhinanthus minor	species
SYN4082	4082	synonym	Rhinanthus serotinus	species
3100	1944	accepted	Rhododendron	genus
3103	3100	accepted	Rhododendron × praecox	species
3101	3100	accepted	Rhododendron luteum	species
3102	3100	accepted	Rhododendron ponticum	species
3104	1147	accepted	Rhus	genus
3105	3104	accepted	Rhus radicans	species
3106	3104	accepted	Rhus typhina	species
3107	1792	accepted	Rhynchospora	genus
3108	3107	accepted	Rhynchospora alba	species
3109	3107	accepted	Rhynchospora fusca	species
3111	4274	accepted	Ribes alpinum	species
3112	4274	accepted	Ribes nigrum	species
3113	4274	accepted	Ribes odoratum	species
3114	4274	accepted	Ribes rubrum	species
3115	4274	accepted	Ribes sanguineum	species
3116	4274	accepted	Ribes spicatum	species
3117	4274	accepted	Ribes uva-crispa	species
3118	1991	accepted	Ricinus	genus
3119	3118	accepted	Ricinus communis	species
3120	1999	accepted	Robinia	genus
3121	3120	accepted	Robinia pseudoacacia	species
SYN4083	4083	synonym	Rorippa	unranked
3126	4275	accepted	Rorippa × anceps	species
3122	4275	accepted	Rorippa amphibia	species
3123	4275	accepted	Rorippa austriaca	species
SYN4084	4084	synonym	Rorippa microphylla	species
SYN4085	4085	synonym	Rorippa microphylla nasturtium-aquaticum	infraspecific name
3124	4275	accepted	Rorippa palustris	species
3125	4275	accepted	Rorippa sylvestris	species
3127	3139	accepted	Rosa	genus
3128	3139	accepted	Rosa 'Hollandica'	cultivar
3129	3127	accepted	Rosa arvensis	species
3130	3127	accepted	Rosa canina	species
3139	x6	accepted	Rosaceae	family
3140	x6	accepted	Rosaceae-Pomoideae	family
3131	3127	accepted	Rosa gallica	species
3132	3127	accepted	Rosa glauca	species
3133	3127	accepted	Rosa majalis	species
3134	3127	accepted	Rosa multiflora	species
3135	3127	accepted	Rosa pimpinellifolia	species
4086	3127	accepted	Rosa rubiginosa	species
3136	3127	accepted	Rosa rugosa	species
3137	3127	accepted	Rosa villosa	species
3138	3127	accepted	Rosa virginiana	species
3141	2347	accepted	Rosmarinus	genus
3142	3141	accepted	Rosmarinus officinalis	species
3143	4276	accepted	Rostraria cristata	species
3144	3146	accepted	Rubia	genus
3146	x6	accepted	Rubiaceae	family
3145	3144	accepted	Rubia tinctorum	species
3147	3139	accepted	Rubus	genus
3154	3139	accepted	Rubus (Rubus)	subgenus
SYN4088	4088	synonym	Rubus × corylifolius	species
3148	3147	accepted	Rubus caesius	species
4088	3147	accepted	Rubus corylifolius	species
4087	3147	accepted	Rubus fruticosus	species
3149	3147	accepted	Rubus idaeus	species
3150	3147	accepted	Rubus odoratus	species
3151	3147	accepted	Rubus phoenicolasius	species
3152	3147	accepted	Rubus saxatilis	species
3153	3147	accepted	Rubus spectabilis	species
3155	1280	accepted	Rudbeckia	genus
3156	3155	accepted	Rudbeckia hirta	species
3157	3155	accepted	Rudbeckia laciniata	species
3158	2915	accepted	Rumex	genus
3173	3158	accepted	Rumex × pratensis	species
3159	3158	accepted	Rumex acetosa	species
4090	3158	accepted	Rumex acetosella	species
SYN4089	4089	synonym	Rumex acetosella angiocarpus	subspecies
4089	2915	accepted	Rumex acetosella subsp. angiocarpus	subspecies
SYN4090	4090	synonym	Rumex angiocarpus	species
3160	3158	accepted	Rumex aquaticus	species
3161	3158	accepted	Rumex conglomeratus	species
3162	3158	accepted	Rumex crispus	species
3163	3158	accepted	Rumex hydrolapathum	species
3164	3158	accepted	Rumex maritimus	species
3165	3158	accepted	Rumex obtusifolius	species
SYN4091	4091	synonym	Rumex obtusifolius obtusifolius	subspecies
4091	2915	accepted	Rumex obtusifolius subsp. obtusifolius	subspecies
4092	2915	accepted	Rumex obtusifolius subsp. transiens	subspecies
SYN4092	4092	synonym	Rumex obtusifolius transiens	subspecies
3166	3158	accepted	Rumex palustris	species
3167	3158	accepted	Rumex patientia	species
3168	3158	accepted	Rumex rugosus	species
3169	3158	accepted	Rumex salicifolius	species
3170	3158	accepted	Rumex sanguineus	species
3171	3158	accepted	Rumex scutatus	species
3172	3158	accepted	Rumex thyrsiflorus	species
3175	4277	accepted	Ruppia cirrhosa	species
3176	4277	accepted	Ruppia maritima	species
3177	3179	accepted	Ruta	genus
3179	x6	accepted	Rutaceae	family
3178	3177	accepted	Ruta graveolens	species
3180	1538	accepted	Sagina	genus
4093	3180	accepted	Sagina apetala	species
SYN4093	4093	synonym	Sagina apetala apetala	subspecies
SYN4094	4094	synonym	Sagina apetala erecta	subspecies
3182	3180	accepted	Sagina maritima	species
4094	3180	accepted	Sagina micropetala	species
3183	3180	accepted	Sagina nodosa	species
3184	3180	accepted	Sagina procumbens	species
3185	3180	accepted	Sagina subulata	species
3186	1085	accepted	Sagittaria	genus
3187	3186	accepted	Sagittaria latifolia	species
3188	3186	accepted	Sagittaria sagittifolia	species
3189	x6	accepted	Salicaceae	family
3190	1120	accepted	Salicornia	genus
SYN4095	4095	synonym	Salicornia disarticulata	species
4096	3190	accepted	Salicornia europaea	species
3192	3190	accepted	Salicornia procumbens	species
4095	3190	accepted	Salicornia pusilla	species
3193	3189	accepted	Salix	genus
3204	3189	accepted	Salix 'Sekka'	cultivar
4097	3193	accepted	Salix × mollissima	species
3207	3193	accepted	Salix × multinervis	species
3208	3193	accepted	Salix × reichardtii	species
3209	3193	accepted	Salix × rubens	species
3210	3193	accepted	Salix × rubra	species
3211	3193	accepted	Salix × sericans	species
3212	3193	accepted	Salix × smithiana	species
3194	3193	accepted	Salix alba	species
SYN4098	4098	synonym	Salix atrocinerea	species
SYN4097	4097	synonym	Salix atrocinerea aurita &S.cinerea	infraspecific name
3195	3193	accepted	Salix aurita	species
3196	3193	accepted	Salix caprea	species
3197	3193	accepted	Salix cinerea	species
4098	3189	accepted	Salix cinerea subsp. oleifolia	subspecies
3198	3193	accepted	Salix daphnoides	species
3199	3193	accepted	Salix dasyclados	species
3200	3193	accepted	Salix fragilis	species
3201	3193	accepted	Salix pentandra	species
3202	3193	accepted	Salix purpurea	species
3203	3193	accepted	Salix repens	species
3205	3193	accepted	Salix triandra	species
3206	3193	accepted	Salix viminalis	species
3213	1120	accepted	Salsola	genus
3214	3213	accepted	Salsola kali	species
SYN4099	4099	synonym	Salsola kali kali	subspecies
SYN4100	4100	synonym	Salsola kali ruthenica	subspecies
4099	1120	accepted	Salsola kali subsp. kali	subspecies
4100	1120	accepted	Salsola kali subsp. ruthenica	subspecies
3215	2347	accepted	Salvia	genus
3216	3215	accepted	Salvia nemorosa	species
3217	3215	accepted	Salvia officinalis	species
3218	3215	accepted	Salvia pratensis	species
3219	3215	accepted	Salvia verbenaca	species
3220	3215	accepted	Salvia verticillata	species
3221	3779	accepted	Salvinia	genus
3779	x6	accepted	Salviniaceae	family
3222	3221	accepted	Salvinia natans	species
3223	1444	accepted	Sambucus	genus
3224	3223	accepted	Sambucus canadensis	species
3225	3223	accepted	Sambucus ebulus	species
3226	3223	accepted	Sambucus nigra	species
3227	1444	accepted	Sambucus nigra cv.	cultivar
3228	3223	accepted	Sambucus racemosa	species
3229	2988	accepted	Samolus	genus
3230	3229	accepted	Samolus valerandi	species
3231	3139	accepted	Sanguisorba	genus
3232	3231	accepted	Sanguisorba minor	species
SYN4101	4101	synonym	Sanguisorba minor balearica	subspecies
4101	3139	accepted	Sanguisorba minor subsp. balearica	subspecies
3233	3231	accepted	Sanguisorba officinalis	species
3234	1198	accepted	Sanicula	genus
3235	3234	accepted	Sanicula europaea	species
3236	x6	accepted	Santalaceae	family
3736	x6	accepted	Sapindaceae	family
3237	1538	accepted	Saponaria	genus
3238	3237	accepted	Saponaria ocymoides	species
3239	3237	accepted	Saponaria officinalis	species
SYN4102	4102	synonym	Sarothamnus scoparius	species
SYN4103	4103	synonym	Satureja acinos	species
3838	4278	accepted	Satureja hortensis	species
3839	4278	accepted	Satureja montana	species
SYN4104	4104	synonym	Satureja vulgaris	species
3240	1280	accepted	Saussurea	genus
3241	3246	accepted	Saxifraga	genus
3246	x6	accepted	Saxifragaceae	family
3242	3241	accepted	Saxifraga granulata	species
3243	3246	accepted	Saxifraga granulata cv.	cultivar
3244	3241	accepted	Saxifraga hirculus	species
3245	3241	accepted	Saxifraga tridactylites	species
3247	1444	accepted	Scabiosa	genus
3248	3247	accepted	Scabiosa columbaria	species
3249	1198	accepted	Scandix	genus
3250	3249	accepted	Scandix pecten-veneris	species
3252	4279	accepted	Scheuchzeria palustris	species
3253	x6	accepted	Scheuzeriaceae	family
3254	1792	accepted	Schoenoplectus	genus
4118	3254	accepted	Schoenoplectus × carinatus	species
3255	3254	accepted	Schoenoplectus flevensis	species
4110	3254	accepted	Schoenoplectus lacustris	species
4112	3254	accepted	Schoenoplectus mucronatus	species
4105	3254	accepted	Schoenoplectus pungens	species
4116	3254	accepted	Schoenoplectus tabernaemontani	species
4117	3254	accepted	Schoenoplectus triqueter	species
3256	1792	accepted	Schoenus	genus
3257	3256	accepted	Schoenus nigricans	species
3258	2423	accepted	Scilla	genus
3259	3258	accepted	Scilla bifolia	species
3260	3258	accepted	Scilla non-scripta	species
3261	3258	accepted	Scilla sardensis	species
3262	3258	accepted	Scilla siberica	species
3263	3258	accepted	Scilla siehei	species
3264	4280	accepted	Scirpoides holoschoenus	species
SYN4118	4118	synonym	Scirpus × carinatus	species
SYN4105	4105	synonym	Scirpus americanus	species
SYN4106	4106	synonym	Scirpus cespitosus	species
SYN4107	4107	synonym	Scirpus cespitosus cespitosus	subspecies
SYN4108	4108	synonym	Scirpus cespitosus germanicus	subspecies
SYN4109	4109	synonym	Scirpus fluitans	species
SYN4110	4110	synonym	Scirpus lacustris lacustris	subspecies
SYN4111	4111	synonym	Scirpus maritimus	species
SYN4112	4112	synonym	Scirpus mucronatus	species
SYN4113	4113	synonym	Scirpus planifolius	species
SYN4114	4114	synonym	Scirpus rufus	species
SYN4115	4115	synonym	Scirpus setaceus	species
3265	4281	accepted	Scirpus sylvaticus	species
SYN4116	4116	synonym	Scirpus tabernaemontani	species
SYN4117	4117	synonym	Scirpus triqueter	species
3266	1538	accepted	Scleranthus	genus
3267	3266	accepted	Scleranthus annuus	species
SYN4119	4119	synonym	Scleranthus annuus annuus	subspecies
SYN4120	4120	synonym	Scleranthus annuus polycarpos	subspecies
4119	1538	accepted	Scleranthus annuus subsp. annuus	subspecies
4120	1538	accepted	Scleranthus annuus subsp. polycarpos	subspecies
3268	3266	accepted	Scleranthus perennis	species
3269	3266	accepted	Scleranthus polycarpos	species
3270	1999	accepted	Scorpiurus	genus
3271	1280	accepted	Scorzonera	genus
3272	3271	accepted	Scorzonera hispanica	species
3273	3271	accepted	Scorzonera humilis	species
3274	3808	accepted	Scrophularia	genus
3275	3274	accepted	Scrophularia auriculata	species
SYN4121	4121	synonym	Scrophularia auriculata umbrosa	infraspecific name
3276	3274	accepted	Scrophularia canina	species
3808	x6	accepted	Scrophulariaceae	family
3277	3274	accepted	Scrophularia nodosa	species
4121	3274	accepted	Scrophularia umbrosa	species
SYN4122	4122	synonym	Scrophularia umbrosa neesii	subspecies
4122	3808	accepted	Scrophularia umbrosa subsp. neesii	subspecies
4123	3808	accepted	Scrophularia umbrosa subsp. umbrosa	subspecies
SYN4123	4123	synonym	Scrophularia umbrosa umbrosa	subspecies
3278	3274	accepted	Scrophularia vernalis	species
3279	2347	accepted	Scutellaria	genus
3280	3279	accepted	Scutellaria columnae	species
3281	3279	accepted	Scutellaria galericulata	species
3282	3279	accepted	Scutellaria minor	species
3283	2901	accepted	Secale	genus
3284	3283	accepted	Secale cereale	species
3285	1999	accepted	Securigera	genus
3845	3285	accepted	Securigera varia	species
3286	1745	accepted	Sedum	genus
3287	1745	accepted	Sedum 'Herbstfreude'	cultivar
3288	3286	accepted	Sedum acre	species
3289	3286	accepted	Sedum album	species
3290	3286	accepted	Sedum cepaea	species
3291	3286	accepted	Sedum dasyphyllum	species
3292	3286	accepted	Sedum forsterianum	species
3293	3286	accepted	Sedum reflexum	species
3294	3286	accepted	Sedum sarmentosum	species
3295	3286	accepted	Sedum sexangulare	species
3296	3286	accepted	Sedum spectabile	species
3297	3286	accepted	Sedum spurium	species
3298	3286	accepted	Sedum telephium	species
SYN4124	4124	synonym	Sedum telephium fabaria	subspecies
SYN4125	4125	synonym	Sedum telephium maximum	subspecies
4124	1745	accepted	Sedum telephium subsp. fabaria	subspecies
4125	1745	accepted	Sedum telephium subsp. maximum	subspecies
4126	1745	accepted	Sedum telephium subsp. telephium	subspecies
SYN4126	4126	synonym	Sedum telephium telephium	subspecies
3299	3302	accepted	Selaginella	genus
3302	x6	accepted	Selaginellaceae	family
3300	3299	accepted	Selaginella helvetica	species
3301	3299	accepted	Selaginella selaginoides	species
3303	1198	accepted	Selinum	genus
3304	3303	accepted	Selinum carvifolia	species
3305	1745	accepted	Sempervivum	genus
3306	3305	accepted	Sempervivum tectorum	species
3314	4282	accepted	Senecio × pseudovernalis	species
SYN4127	4127	synonym	Senecio aquaticus	species
SYN4128	4128	synonym	Senecio congestus	species
3307	4282	accepted	Senecio inaequidens	species
SYN4129	4129	synonym	Senecio jacobaeae	species
4130	4282	accepted	Senecio nemorensis	species
SYN4130	4130	synonym	Senecio ovatus	species
SYN4131	4131	synonym	Senecio paludosus	species
3308	4282	accepted	Senecio sarracenicus	species
3309	4282	accepted	Senecio sylvaticus	species
3310	4282	accepted	Senecio vernalis	species
3311	4282	accepted	Senecio viscosus	species
3312	4282	accepted	Senecio vulgaris	species
3313	1280	accepted	Senecio vulgaris var. hybernicus	variety
SYN4132	4132	synonym	Seriphidium maritimum	species
3315	1280	accepted	Serratula	genus
3316	3315	accepted	Serratula tinctoria	species
3317	2787	accepted	Sesamum	genus
3318	3317	accepted	Sesamum indicum	species
3319	1198	accepted	Seseli	genus
3320	3319	accepted	Seseli montanum	species
3321	2901	accepted	Sesleria	genus
4133	3321	accepted	Sesleria albicans	species
SYN4133	4133	synonym	Sesleria caerulea	species
3322	2901	accepted	Setaria	genus
3323	3322	accepted	Setaria faberi	species
SYN4134	4134	synonym	Setaria glauca	species
3324	3322	accepted	Setaria italica	species
4134	3322	accepted	Setaria pumila	species
3325	3322	accepted	Setaria verticillata	species
3326	3322	accepted	Setaria viridis	species
3327	3146	accepted	Sherardia	genus
3328	3327	accepted	Sherardia arvensis	species
SYN4135	4135	synonym	Sieglingia	unranked
SYN4136	4136	synonym	Sieglingia decumbens	species
3329	1198	accepted	Silaum	genus
3330	3329	accepted	Silaum silaus	species
3331	1538	accepted	Silene	genus
3343	3331	accepted	Silene × hampeana	species
3333	3331	accepted	Silene armeria	species
3334	3331	accepted	Silene baccifera	species
3335	3331	accepted	Silene coeli-rosa	species
3336	3331	accepted	Silene conica	species
3337	3331	accepted	Silene coronaria	species
3338	3331	accepted	Silene dichotoma	species
3974	3331	accepted	Silene dioica	species
3960	3331	accepted	Silene flos-cuculi	species
3339	3331	accepted	Silene gallica	species
4137	1538	accepted	Silene latifolia subsp. alba	subspecies
SYN4137	4137	synonym	Silene latifolia subsp. alba	subspecies
3973	3331	accepted	Silene noctiflora	species
3340	3331	accepted	Silene nutans	species
3341	3331	accepted	Silene otites	species
3961	3331	accepted	Silene viscaria	species
3342	3331	accepted	Silene vulgaris	species
3344	1280	accepted	Silybum	genus
3345	3344	accepted	Silybum marianum	species
3346	x6	accepted	Simaroubaceae	family
3347	3848	accepted	Sinapis	genus
3348	3347	accepted	Sinapis alba	species
3349	3347	accepted	Sinapis arvensis	species
3350	3848	accepted	Sisymbrium	genus
3351	3350	accepted	Sisymbrium altissimum	species
4138	3350	accepted	Sisymbrium austriacum	species
SYN4138	4138	synonym	Sisymbrium austriacum subsp. chrysanthum	subspecies
3352	3350	accepted	Sisymbrium irio	species
3353	3350	accepted	Sisymbrium loeselii	species
3354	3350	accepted	Sisymbrium officinale	species
3355	3350	accepted	Sisymbrium orientale	species
3356	3350	accepted	Sisymbrium supinum	species
3357	1198	accepted	Sium	genus
SYN4139	4139	synonym	Sium erectum	species
3358	3357	accepted	Sium latifolium	species
3359	2423	accepted	Smilacina	genus
3360	3359	accepted	Smilacina stellata	species
3361	1198	accepted	Smyrnium	genus
3362	3361	accepted	Smyrnium olusatrum	species
3363	3361	accepted	Smyrnium perfoliatum	species
3364	x6	accepted	Solanaceae	family
3365	3364	accepted	Solanum	genus
3366	3365	accepted	Solanum dulcamara	species
3962	3365	accepted	Solanum lycopersicum	species
3367	3365	accepted	Solanum melongena	species
3368	3365	accepted	Solanum nigrum	species
SYN4140	4140	synonym	Solanum nigrum nigrum	subspecies
SYN4141	4141	synonym	Solanum nigrum schultesii	subspecies
4140	3364	accepted	Solanum nigrum subsp. nigrum	subspecies
4141	3364	accepted	Solanum nigrum subsp. schultesii	subspecies
SYN4142	4142	synonym	Solanum nitidibaccatum	species
4142	3365	accepted	Solanum physalifolium	species
3369	3365	accepted	Solanum sarachoides	species
3370	3365	accepted	Solanum triflorum	species
3371	3365	accepted	Solanum tuberosum	species
3372	1280	accepted	Solidago	genus
3373	3372	accepted	Solidago canadensis	species
3374	3372	accepted	Solidago gigantea	species
3375	3372	accepted	Solidago virgaurea	species
3376	1280	accepted	Sonchus	genus
3377	3376	accepted	Sonchus arvensis	species
3378	1280	accepted	Sonchus arvensis var. arvensis	variety
3379	1280	accepted	Sonchus arvensis var. maritimus	variety
3380	3376	accepted	Sonchus asper	species
3381	3376	accepted	Sonchus oleraceus	species
3382	3376	accepted	Sonchus palustris	species
3383	3139	accepted	Sorbaria	genus
3384	3383	accepted	Sorbaria sorbifolia	species
3385	3383	accepted	Sorbaria tomentosa	species
3386	3139	accepted	Sorbus	genus
3390	3386	accepted	Sorbus × thuringiaca	species
3387	3386	accepted	Sorbus aria	species
3388	3386	accepted	Sorbus aucuparia	species
3389	3386	accepted	Sorbus domestica	species
3391	2901	accepted	Sorghum	genus
3392	3391	accepted	Sorghum bicolor	species
3393	3391	accepted	Sorghum halepense	species
3394	x6	accepted	Sparganiaceae	family
3395	3394	accepted	Sparganium	genus
3396	3395	accepted	Sparganium angustifolium	species
4145	3395	accepted	Sparganium emersum	species
3397	3395	accepted	Sparganium erectum	species
SYN4143	4143	synonym	Sparganium erectum erectum	subspecies
SYN4144	4144	synonym	Sparganium erectum neglectum	subspecies
4143	3394	accepted	Sparganium erectum subsp. erectum	subspecies
4144	3394	accepted	Sparganium erectum subsp. neglectum	subspecies
3398	3395	accepted	Sparganium natans	species
SYN4145	4145	synonym	Sparganium simplex	species
3399	2901	accepted	Spartina	genus
4146	3399	accepted	Spartina × townsendii	species
3400	3399	accepted	Spartina anglica	species
3401	3399	accepted	Spartina maritima	species
SYN4146	4146	synonym	Spartina townsendii	species
3402	1538	accepted	Spergula	genus
3403	3402	accepted	Spergula arvensis	species
3404	1538	accepted	Spergula arvensis var. arvensis	variety
3405	1538	accepted	Spergula arvensis var. maxima	variety
3406	3402	accepted	Spergula morisonii	species
3407	1538	accepted	Spergularia	genus
SYN4147	4147	synonym	Spergularia marina	species
SYN4148	4148	synonym	Spergularia maritima	species
4148	3407	accepted	Spergularia media	species
3408	3407	accepted	Spergularia rubra	species
4147	3407	accepted	Spergularia salina	species
3853	3407	accepted	Spergularia segetalis	species
3410	4283	accepted	Sphagnum imbricatum	species
3411	1120	accepted	Spinacia	genus
3412	3411	accepted	Spinacia oleracea	species
3413	3139	accepted	Spiraea	genus
3419	3413	accepted	Spiraea × billardii	species
3414	3413	accepted	Spiraea alba	species
3415	3413	accepted	Spiraea chamaedrifolia	species
3416	3413	accepted	Spiraea douglasii	species
3417	3413	accepted	Spiraea salicifolia	species
3418	3413	accepted	Spiraea tomentosa	species
3420	2706	accepted	Spiranthes	genus
3421	3420	accepted	Spiranthes aestivalis	species
3422	3420	accepted	Spiranthes spiralis	species
3423	1211	accepted	Spirodela	genus
3424	3423	accepted	Spirodela polyrhiza	species
3425	2347	accepted	Stachys	genus
3433	3425	accepted	Stachys × ambigua	species
3426	3425	accepted	Stachys alpina	species
3427	3425	accepted	Stachys annua	species
3428	3425	accepted	Stachys arvensis	species
3429	3425	accepted	Stachys officinalis	species
3430	3425	accepted	Stachys palustris	species
3431	3425	accepted	Stachys recta	species
3432	3425	accepted	Stachys sylvatica	species
3434	1538	accepted	Stellaria	genus
SYN4149	4149	synonym	Stellaria alsine	species
3435	3434	accepted	Stellaria aquatica	species
3436	3434	accepted	Stellaria graminea	species
3437	3434	accepted	Stellaria holostea	species
4150	3434	accepted	Stellaria media	species
SYN4151	4151	synonym	Stellaria media neglecta	subspecies
SYN4152	4152	synonym	Stellaria media pallida	subspecies
SYN4150	4150	synonym	Stellaria media pallida &S.neglecta	infraspecific name
4151	3434	accepted	Stellaria neglecta	species
3438	3434	accepted	Stellaria nemorum	species
SYN4153	4153	synonym	Stellaria nemorum subsp. glochidisperma	subspecies
4153	1538	accepted	Stellaria nemorum subsp. montana	subspecies
4152	3434	accepted	Stellaria pallida	species
4149	3434	accepted	Stellaria palustris	species
3439	3434	accepted	Stellaria uliginosa	species
3440	4284	accepted	Stipa pennata	species
3441	2241	accepted	Stratiotes	genus
3442	3441	accepted	Stratiotes aloides	species
3443	1120	accepted	Suaeda	genus
3444	3443	accepted	Suaeda maritima	species
3445	3848	accepted	Subularia	genus
3446	3445	accepted	Subularia aquatica	species
3447	1444	accepted	Succisa	genus
3448	3447	accepted	Succisa pratensis	species
3449	4285	accepted	Sutera cordata	species
3450	1444	accepted	Symphoricarpos	genus
3451	3450	accepted	Symphoricarpos albus	species
3452	1352	accepted	Symphytum	genus
3455	3452	accepted	Symphytum × uplandicum	species
3453	3452	accepted	Symphytum asperum	species
3454	3452	accepted	Symphytum officinale	species
3456	2686	accepted	Syringa	genus
3457	3456	accepted	Syringa vulgaris	species
3880	4286	accepted	Syzygium aromaticum	species
3458	1280	accepted	Tagetes	genus
3459	3458	accepted	Tagetes minuta	species
3460	1280	accepted	Tanacetum	genus
3461	3460	accepted	Tanacetum parthenium	species
3462	3460	accepted	Tanacetum vulgare	species
3463	1280	accepted	Taraxacum	genus
3464	3463	accepted	Taraxacum celticum	species
3465	3463	accepted	Taraxacum hamatum	species
3466	3463	accepted	Taraxacum laevigatum	species
3467	3463	accepted	Taraxacum nordstedtii	species
3468	3463	accepted	Taraxacum obliquum	species
3469	3463	accepted	Taraxacum officinale	species
3471	3463	accepted	Taraxacum oxoniense	species
3472	3463	accepted	Taraxacum palustre	species
3473	3463	accepted	Taraxacum taeniatum	species
3474	3463	accepted	Taraxacum tortilobum	species
3475	x6	accepted	Taxaceae	family
3476	1774	accepted	Taxodium	genus
3477	3476	accepted	Taxodium distichum	species
3478	3475	accepted	Taxus	genus
3479	3478	accepted	Taxus baccata	species
3481	3848	accepted	Teesdalia	genus
3482	3481	accepted	Teesdalia nudicaulis	species
3483	4287	accepted	Tellima grandiflora	species
4128	4288	accepted	Tephroseris palustris	species
3485	4289	accepted	Tetragonia tetragonioides	species
3486	1999	accepted	Tetragonolobus	genus
3487	3486	accepted	Tetragonolobus maritimus	species
3488	2347	accepted	Teucrium	genus
3489	3488	accepted	Teucrium botrys	species
4154	3488	accepted	Teucrium chamaedrys	species
SYN4155	4155	synonym	Teucrium chamaedrys chamaedrys	subspecies
SYN4156	4156	synonym	Teucrium chamaedrys germanicum	subspecies
4155	2347	accepted	Teucrium chamaedrys subsp. chamaedrys	subspecies
4156	2347	accepted	Teucrium chamaedrys subsp. germanicum	subspecies
3490	3488	accepted	Teucrium montanum	species
3491	3488	accepted	Teucrium scordium	species
3492	3488	accepted	Teucrium scorodonia	species
3493	3056	accepted	Thalictrum	genus
3494	3493	accepted	Thalictrum aquilegiifolia	species
3495	3493	accepted	Thalictrum flavum	species
3497	3493	accepted	Thalictrum minus	species
3498	x6	accepted	Thelypteridaceae	family
3499	3498	accepted	Thelypteris	genus
SYN4157	4157	synonym	Thelypteris dryopteris	species
3500	3499	accepted	Thelypteris palustris	species
SYN4158	4158	synonym	Thelypteris phegopteris	species
SYN4159	4159	synonym	Thelypteris robertiana	species
3501	4290	accepted	Theobroma cacao	species
3502	3236	accepted	Thesium	genus
3503	3502	accepted	Thesium humifusum	species
3504	3502	accepted	Thesium pyrenaicum	species
3505	3848	accepted	Thlaspi	genus
SYN4160	4160	synonym	Thlaspi alpestre	species
3506	3505	accepted	Thlaspi arvense	species
4160	3505	accepted	Thlaspi caerulescens	species
3507	3505	accepted	Thlaspi perfoliatum	species
3508	1774	accepted	Thuja	genus
3509	3508	accepted	Thuja occidentalis	species
3510	3508	accepted	Thuja plicata	species
3511	x6	accepted	Thymelaeaceae	family
3512	2347	accepted	Thymus	genus
3513	3512	accepted	Thymus praecox	species
3514	3512	accepted	Thymus pulegioides	species
3515	3512	accepted	Thymus serpyllum	species
3516	3512	accepted	Thymus vulgaris	species
3517	2534	accepted	Tilia	genus
3520	3517	accepted	Tilia × vulgaris	species
3521	x6	accepted	Tiliaceae	family
3518	3517	accepted	Tilia cordata	species
3519	3517	accepted	Tilia platyphyllos	species
SYN4161	4161	synonym	Tillaea muscosa	species
3522	2423	accepted	Tofieldia	genus
3524	4291	accepted	Tolypella glomerata	species
3525	1198	accepted	Torilis	genus
3526	3525	accepted	Torilis arvensis	species
3527	3525	accepted	Torilis japonica	species
3528	3525	accepted	Torilis nodosa	species
3529	4292	accepted	Trachelium caeruleum	species
x6	x4	accepted	Tracheophyta	phylum
3530	4293	accepted	Tradescantia virginiana	species
3531	1280	accepted	Tragopogon	genus
3532	3531	accepted	Tragopogon dubius	species
3533	3531	accepted	Tragopogon porrifolius	species
3534	3531	accepted	Tragopogon pratensis	species
SYN4162	4162	synonym	Tragopogon pratensis orientalis	subspecies
SYN4163	4163	synonym	Tragopogon pratensis pratensis	subspecies
4162	1280	accepted	Tragopogon pratensis subsp. orientalis	subspecies
4163	1280	accepted	Tragopogon pratensis subsp. pratensis	subspecies
3535	2509	accepted	Trapa	genus
3537	x6	accepted	Trapaceae	family
3536	3535	accepted	Trapa natans	species
4106	4294	accepted	Trichophorum cespitosum	species
4107	1792	accepted	Trichophorum cespitosus subsp. cespitosus	subspecies
4108	1792	accepted	Trichophorum cespitosus subsp. germanicus	subspecies
3538	2988	accepted	Trientalis	genus
3539	3538	accepted	Trientalis europaea	species
3540	1999	accepted	Trifolium	genus
3541	3540	accepted	Trifolium alexandrinum	species
3542	3540	accepted	Trifolium arvense	species
3543	3540	accepted	Trifolium aureum	species
3544	3540	accepted	Trifolium campestre	species
3545	3540	accepted	Trifolium diffusum	species
3546	3540	accepted	Trifolium dubium	species
3547	3540	accepted	Trifolium fragiferum	species
3548	3540	accepted	Trifolium hybridum	species
3549	3540	accepted	Trifolium incarnatum	species
3550	3540	accepted	Trifolium medium	species
3551	3540	accepted	Trifolium micranthum	species
3552	3540	accepted	Trifolium ornithopodioides	species
3553	3540	accepted	Trifolium pratense	species
3554	3540	accepted	Trifolium repens	species
3555	3540	accepted	Trifolium resupinatum	species
3556	3540	accepted	Trifolium scabrum	species
3557	3540	accepted	Trifolium striatum	species
3558	3540	accepted	Trifolium subterraneum	species
3559	2302	accepted	Triglochin	genus
3560	3559	accepted	Triglochin maritima	species
3561	3559	accepted	Triglochin palustris	species
3562	1999	accepted	Trigonella	genus
3563	3562	accepted	Trigonella foenum-graecum	species
3968	4295	accepted	Tripleurospermum maritimum	species
3969	1280	accepted	Tripleurospermum maritimum subsp. inodorum	subspecies
3564	2901	accepted	Trisetum	genus
3565	3564	accepted	Trisetum flavescens	species
3566	2901	accepted	x Triticosecale	genus
3568	2901	accepted	Triticum	genus
3569	3568	accepted	Triticum aestivum	species
SYN4164	4164	synonym	Triticum aestivum compactum	subspecies
4164	2901	accepted	Triticum aestivum subsp. compactum	subspecies
3571	3568	accepted	Triticum dicoccon	species
3572	3568	accepted	Triticum durum	species
3573	3568	accepted	Triticum monococcum	species
3574	3568	accepted	Triticum spelta	species
3575	2856	accepted	Tsuga	genus
3576	3575	accepted	Tsuga canadensis	species
3577	3575	accepted	Tsuga heterophylla	species
3578	1646	accepted	Tuberaria	genus
3579	3578	accepted	Tuberaria guttata	species
3580	2423	accepted	Tulipa	genus
3581	3580	accepted	Tulipa sylvestris	species
SYN4165	4165	synonym	Tunica prolifera	species
SYN4166	4166	synonym	Turritis glabra	species
3582	1280	accepted	Tussilago	genus
3583	3582	accepted	Tussilago farfara	species
3584	3589	accepted	Typha	genus
3588	3584	accepted	Typha × glauca	species
3585	3584	accepted	Typha angustifolia	species
3589	x6	accepted	Typhaceae	family
3586	3584	accepted	Typha latifolia	species
3587	3584	accepted	Typha minima	species
3590	1999	accepted	Ulex	genus
3591	3590	accepted	Ulex europaeus	species
3592	x6	accepted	Ulmaceae	family
3593	3592	accepted	Ulmus	genus
3597	3593	accepted	Ulmus × hollandica	species
3594	3593	accepted	Ulmus glabra	species
3595	3593	accepted	Ulmus laevis	species
3596	3593	accepted	Ulmus minor	species
3598	3602	accepted	Urtica	genus
3602	x6	accepted	Urticaceae	family
3599	3598	accepted	Urtica dioica	species
3600	3598	accepted	Urtica pilulifera	species
3601	3598	accepted	Urtica urens	species
3603	2394	accepted	Utricularia	genus
3604	3603	accepted	Utricularia australis	species
3605	3603	accepted	Utricularia intermedia	species
3606	3603	accepted	Utricularia minor	species
3607	3603	accepted	Utricularia ochroleuca	species
3608	3603	accepted	Utricularia vulgaris	species
3609	1538	accepted	Vaccaria	genus
4167	3609	accepted	Vaccaria hispanica	species
SYN4167	4167	synonym	Vaccaria pyramidata	species
3610	1944	accepted	Vaccinium	genus
3618	3610	accepted	Vaccinium × intermedium	species
3612	3610	accepted	Vaccinium corymbosum	species
3613	3610	accepted	Vaccinium macrocarpon	species
3614	3610	accepted	Vaccinium myrtillus	species
3615	3610	accepted	Vaccinium oxycoccos	species
3616	3610	accepted	Vaccinium uliginosum	species
3617	3610	accepted	Vaccinium vitis-idaea	species
3619	1444	accepted	Valeriana	genus
3622	x6	accepted	Valerianaceae	family
3620	3619	accepted	Valeriana dioica	species
3621	3619	accepted	Valeriana officinalis	species
3623	1444	accepted	Valerianella	genus
3624	3623	accepted	Valerianella carinata	species
3625	3623	accepted	Valerianella dentata	species
3626	3623	accepted	Valerianella locusta	species
3627	3623	accepted	Valerianella rimosa	species
3628	2241	accepted	Vallisneria	genus
3629	3628	accepted	Vallisneria spiralis	species
3630	3808	accepted	Verbascum	genus
3631	3630	accepted	Verbascum blattaria	species
3632	3630	accepted	Verbascum densiflorum	species
3633	3630	accepted	Verbascum lychnitis	species
3634	3630	accepted	Verbascum nigrum	species
3635	3630	accepted	Verbascum phlomoides	species
3636	3630	accepted	Verbascum phoeniceum	species
3637	3630	accepted	Verbascum thapsus	species
3638	3641	accepted	Verbena	genus
3639	3638	accepted	Verbena bonariensis	species
3641	x6	accepted	Verbenaceae	family
3640	3638	accepted	Verbena officinalis	species
3642	3808	accepted	Veronica	genus
3666	3642	accepted	Veronica × lackschewitzii	species
3643	3642	accepted	Veronica acinifolia	species
3644	3642	accepted	Veronica agrestis	species
3645	3642	accepted	Veronica anagallis-aquatica	species
3646	3642	accepted	Veronica arvensis	species
4168	3642	accepted	Veronica austriaca	species
SYN4169	4169	synonym	Veronica austriaca austriaca	subspecies
4169	3808	accepted	Veronica austriaca subsp. austriaca	subspecies
4170	3808	accepted	Veronica austriaca subsp. teucrium	subspecies
SYN4170	4170	synonym	Veronica austriaca teucrium	subspecies
3647	3642	accepted	Veronica beccabunga	species
3648	3642	accepted	Veronica catenata	species
3649	3642	accepted	Veronica chamaedrys	species
3650	3642	accepted	Veronica filiformis	species
3651	3642	accepted	Veronica hederifolia	species
SYN4171	4171	synonym	Veronica hederifolia hederifolia	subspecies
SYN4172	4172	synonym	Veronica hederifolia lucorum	subspecies
4171	3808	accepted	Veronica hederifolia subsp. hederifolia	subspecies
4172	3808	accepted	Veronica hederifolia subsp. lucorum	subspecies
3652	3642	accepted	Veronica longifolia	species
3653	3642	accepted	Veronica montana	species
3654	3642	accepted	Veronica officinalis	species
3655	3642	accepted	Veronica opaca	species
3656	3642	accepted	Veronica peregrina	species
3657	3642	accepted	Veronica persica	species
3658	3642	accepted	Veronica polita	species
3659	3642	accepted	Veronica praecox	species
3660	3642	accepted	Veronica prostrata	species
3661	3642	accepted	Veronica scutellata	species
3662	3642	accepted	Veronica serpyllifolia	species
3663	3642	accepted	Veronica spicata	species
3664	3642	accepted	Veronica triphyllos	species
3665	3642	accepted	Veronica verna	species
3667	1444	accepted	Viburnum	genus
3668	3667	accepted	Viburnum lantana	species
3669	3667	accepted	Viburnum opulus	species
3670	1999	accepted	Vicia	genus
3671	3670	accepted	Vicia cracca	species
SYN4173	4173	synonym	Vicia dasycarpa	species
3672	3670	accepted	Vicia ervilia	species
3673	3670	accepted	Vicia faba	species
3674	1999	accepted	Vicia faba var. major	variety
3675	1999	accepted	Vicia faba var. minor	variety
3676	3670	accepted	Vicia grandiflora	species
3677	3670	accepted	Vicia hirsuta	species
3678	3670	accepted	Vicia hybrida	species
3679	3670	accepted	Vicia lathyroides	species
3680	3670	accepted	Vicia lutea	species
3681	3670	accepted	Vicia pannonica	species
3682	3670	accepted	Vicia sativa	species
4174	1999	accepted	Vicia sativa subsp. nigra	subspecies
4175	1999	accepted	Vicia sativa subsp. obovata	subspecies
4176	1999	accepted	Vicia sativa subsp. sativa	subspecies
4177	1999	accepted	Vicia sativa subsp. segetalis	subspecies
3683	3670	accepted	Vicia sepium	species
3684	3670	accepted	Vicia tenuifolia	species
3685	3670	accepted	Vicia tetrasperma	species
SYN4178	4178	synonym	Vicia tetrasperma gracilis	subspecies
4178	1999	accepted	Vicia tetrasperma subsp. gracilis	subspecies
4179	1999	accepted	Vicia tetrasperma subsp. tetrasperma	subspecies
SYN4179	4179	synonym	Vicia tetrasperma tetrasperma	subspecies
3686	3670	accepted	Vicia villosa	species
4173	1999	accepted	Vicia villosa subsp. varia	subspecies
4180	1999	accepted	Vicia villosa subsp. villosa	subspecies
SYN4180	4180	synonym	Vicia villosa villosa	subspecies
3687	3766	accepted	Vinca	genus
3688	3687	accepted	Vinca minor	species
3689	3766	accepted	Vincetoxicum	genus
3849	3689	accepted	Vincetoxicum hirundinaria	species
3690	3689	accepted	Vincetoxicum nigrum	species
3691	3706	accepted	Viola	genus
SYN4184	4184	synonym	Viola × bavarica	species
SYN4185	4185	synonym	Viola × comtempta	species
SYN4186	4186	synonym	Viola × intersita	species
SYN4187	4187	synonym	Viola × scabra	species
3692	3691	accepted	Viola arvensis	species
4185	3691	accepted	Viola arvensis x tricolor	species
SYN4181	4181	synonym	Viola calaminaria	species
3693	3691	accepted	Viola canina	species
4186	3691	accepted	Viola canina x riviniana	species
3706	x6	accepted	Violaceae	family
3694	3691	accepted	Viola curtisii	species
SYN4182	4182	synonym	Viola curtisii coniophila	subspecies
SYN4183	4183	synonym	Viola curtisii stenochila	subspecies
4182	3706	accepted	Viola curtisii subsp. coniophila	subspecies
4183	3706	accepted	Viola curtisii subsp. stenochila	subspecies
3695	3691	accepted	Viola hirta	species
4187	3691	accepted	Viola hirta x odorata	species
4181	3706	accepted	Viola lutea subsp. calaminaria	subspecies
3696	3691	accepted	Viola odorata	species
3697	3691	accepted	Viola palustris	species
3698	3691	accepted	Viola persicifolia	species
3699	3706	accepted	Viola persicifolia var. lacteaeoides	variety
3700	3706	accepted	Viola persicifolia var. persicifolia	variety
3701	3691	accepted	Viola reichenbachiana	species
4184	3691	accepted	Viola reichenbachiana x riviniana	species
3702	3691	accepted	Viola riviniana	species
3703	3691	accepted	Viola rupestris	species
3704	3691	accepted	Viola tricolor	species
3705	3706	accepted	Viola tricolor cv.	cultivar
3707	x6	accepted	Viscaceae	family
3708	3236	accepted	Viscum	genus
3709	3708	accepted	Viscum album	species
3710	x6	accepted	Vitaceae	family
3711	3710	accepted	Vitis	genus
3712	3711	accepted	Vitis sylvestris	species
3713	3711	accepted	Vitis vinifera	species
3714	2901	accepted	Vulpia	genus
3715	3714	accepted	Vulpia bromoides	species
3716	3714	accepted	Vulpia ciliata	species
SYN4188	4188	synonym	Vulpia ciliata ambigua	subspecies
SYN4189	4189	synonym	Vulpia ciliata ciliata	subspecies
4188	2901	accepted	Vulpia ciliata subsp. ambigua	subspecies
4189	2901	accepted	Vulpia ciliata subsp. ciliata	subspecies
3717	3714	accepted	Vulpia fasciculata	species
3718	3714	accepted	Vulpia myuros	species
3719	1439	accepted	Wahlenbergia	genus
3720	3719	accepted	Wahlenbergia hederacea	species
3721	1211	accepted	Wolffia	genus
3722	3721	accepted	Wolffia arrhiza	species
3723	1280	accepted	Xanthium	genus
SYN4190	4190	synonym	Xanthium riparium	species
3724	3723	accepted	Xanthium spinosum	species
4190	3723	accepted	Xanthium strumarium	species
3726	1280	accepted	Xanthium strumarium var. albinum	variety
3727	1280	accepted	Xanthium strumarium var. riparium	variety
3728	2970	accepted	Zannichellia	genus
3729	3728	accepted	Zannichellia palustris	species
SYN4191	4191	synonym	Zannichellia palustris palustris	subspecies
SYN4192	4192	synonym	Zannichellia palustris pedicellata	subspecies
4193	2970	accepted	Zannichellia palustris subsp. major	subspecies
4191	2970	accepted	Zannichellia palustris subsp. palustris	subspecies
4192	2970	accepted	Zannichellia palustris subsp. pedicellata	subspecies
SYN4193	4193	synonym	Zannichellia palustris subsp. polycarpa	subspecies
3730	2901	accepted	Zea	genus
3731	3730	accepted	Zea mays	species
3732	x6	accepted	Zingiberaceae	family
3734	4297	accepted	Zostera marina	species
3735	4297	accepted	Zostera noltei	species
4194	x6	accepted	Aizoaceae	family
4195	x6	accepted	Bignoniaceae	family
4196	x6	accepted	Capparaceae	family
4197	x3	accepted	Clavicipitaceae	family
x3		accepted	Fungi	kingdom
4198	x6	accepted	Commelinaceae	family
4199	x6	accepted	Grossulariaceae	family
4200	x6	accepted	Hydrangeaceae	family
4201	x6	accepted	Lauraceae	family
4202	x6	accepted	Pauwloniaceae	family
4203	x6	accepted	Pteridaceae	family
4204	x6	accepted	Ruppiaceae	family
4205	x6	accepted	Scheuchzeriaceae	family
4206	x53	accepted	Sphagnaceae	family
4207	x6	accepted	Woodsiaceae	family
4208	x6	accepted	Zosteraceae	family
4209	4203	accepted	Adiantum	genus
4210	2534	accepted	Alcea	genus
4211	1280	accepted	Anaphalis	genus
4212	2901	accepted	Anisantha	genus
4213	1280	accepted	Anthemicaria	genus
4214	3766	accepted	Asclepias	genus
4215	4207	accepted	Athyrium	genus
4216	1280	accepted	Baccharis	genus
4217	1085	accepted	Baldellia	genus
4218	1792	accepted	Blysmus	genus
4219	1792	accepted	Bolboschoenus	genus
4220	2901	accepted	Bromopsis	genus
4221	2901	accepted	Bromus	genus
4222	1352	accepted	Brunnera	genus
4223	2901	accepted	Calammophila	genus
4224	4196	accepted	Capparis	genus
4225	1222	accepted	Caryocar	genus
4226	1999	accepted	Cassia	genus
4227	4195	accepted	Catalpa	genus
4228	2988	accepted	Centunculus	genus
4229	2901	accepted	Ceratochloa	genus
4230	4201	accepted	Cinnamomum	genus
4231	4197	accepted	Claviceps	genus
4232	3139	accepted	Comarum	genus
4233	1280	accepted	Conyza	genus
4234	2706	accepted	Corallorrhiza	genus
4235	1198	accepted	Cuminum	genus
4236	1774	accepted	Cupressus	genus
4237	3139	accepted	Cydonia	genus
4238	4207	accepted	Cystopteris	genus
4239	4200	accepted	Deutzia	genus
4240	1280	accepted	Dittrichia	genus
4241	1792	accepted	Eleogiton	genus
4242	2901	accepted	Elymus	genus
4243	2901	accepted	Festulolium	genus
4244	3056	accepted	Ficaria	genus
4245	3989	accepted	Ficus	genus
4246	1999	accepted	Galega	genus
4247	2092	accepted	Gentianopsis	genus
4248	1280	accepted	Glebionis	genus
4249	4207	accepted	Gymnocarpium	genus
4250	2496	accepted	Huperzia	genus
4251	1792	accepted	Isolepis	genus
4252	4201	accepted	Laurus	genus
4253	2347	accepted	Lavandula	genus
4254	1444	accepted	Leycesteria	genus
4255	2496	accepted	Lycopodiella	genus
4256	1211	accepted	Lysichiton	genus
4257	2538	accepted	Marsilea	genus
4258	2768	accepted	Matteuccia	genus
4259	1999	accepted	Meconopsis	genus
4260	3989	accepted	Morella	genus
4261	3989	accepted	Morus	genus
4262	2627	accepted	Myrtus	genus
4263	3848	accepted	Nasturtium	genus
4264	2706	accepted	Nemesia	genus
4265	2666	accepted	Nonea	genus
4266	4207	accepted	Onoclea	genus
4267	2746	accepted	Osmunda	genus
4268	4202	accepted	Paulownia	genus
4269	4200	accepted	Philadelphus	genus
4270	2538	accepted	Pilularia	genus
4271	2627	accepted	Pimenta	genus
4272	4203	accepted	Pteris	genus
4273	3139	accepted	Pyracantha	genus
4274	4199	accepted	Ribes	genus
4275	3848	accepted	Rorippa	genus
4276	2901	accepted	Rostraria	genus
4277	4204	accepted	Ruppia	genus
4278	2347	accepted	Satureja	genus
4279	4205	accepted	Scheuchzeria	genus
4280	1792	accepted	Scirpoides	genus
4281	1792	accepted	Scirpus	genus
4282	1280	accepted	Senecio	genus
4283	4206	accepted	Sphagnum	genus
4284	2901	accepted	Stipa	genus
4285	3808	accepted	Sutera	genus
4286	2627	accepted	Syzygium	genus
4287	3246	accepted	Tellima	genus
4288	1280	accepted	Tephroseris	genus
4289	4194	accepted	Tetragonia	genus
4290	2534	accepted	Theobroma	genus
4291	1593	accepted	Tolypella	genus
4292	1439	accepted	Trachelium	genus
4293	4198	accepted	Tradescantia	genus
4294	1792	accepted	Trichophorum	genus
4295	1280	accepted	Tripleurospermum	genus
4296	2901	accepted	Triticosecale	genus
4297	4208	accepted	Zostera	genus
